method,num_points,snr,bandwidth,pkl_path,pdf_path
integral,200,0,47.0,results/pointcloud_self_tuning/pointcloud_all_methods_2026-03-08/paper_pointcloud_integral_NOP:200_IM:integral_M:rotation_BW:47.0_IC:False_AS:False_SNR:0_LT:RWGL.pkl,results/pointcloud_self_tuning/pointcloud_all_methods_2026-03-08/new_plots/paper_pointcloud_integral_NOP:200_IM:integral_M:rotation_BW:47.0_IC:False_AS:False_SNR:0_LT:RWGL.pdf
integral,200,10,47.0,results/pointcloud_self_tuning/pointcloud_all_methods_2026-03-08/paper_pointcloud_integral_NOP:200_IM:integral_M:rotation_BW:47.0_IC:False_AS:False_SNR:10_LT:RWGL.pkl,results/pointcloud_self_tuning/pointcloud_all_methods_2026-03-08/new_plots/paper_pointcloud_integral_NOP:200_IM:integral_M:rotation_BW:47.0_IC:False_AS:False_SNR:10_LT:RWGL.pdf
integral,200,20,47.0,results/pointcloud_self_tuning/pointcloud_all_methods_2026-03-08/paper_pointcloud_integral_NOP:200_IM:integral_M:rotation_BW:47.0_IC:False_AS:False_SNR:20_LT:RWGL.pkl,results/pointcloud_self_tuning/pointcloud_all_methods_2026-03-08/new_plots/paper_pointcloud_integral_NOP:200_IM:integral_M:rotation_BW:47.0_IC:False_AS:False_SNR:20_LT:RWGL.pdf
integral,400,0,47.0,results/pointcloud_self_tuning/pointcloud_all_methods_2026-03-08/paper_pointcloud_integral_NOP:400_IM:integral_M:rotation_BW:47.0_IC:False_AS:False_SNR:0_LT:RWGL.pkl,results/pointcloud_self_tuning/pointcloud_all_methods_2026-03-08/new_plots/paper_pointcloud_integral_NOP:400_IM:integral_M:rotation_BW:47.0_IC:False_AS:False_SNR:0_LT:RWGL.pdf
integral,400,10,47.0,results/pointcloud_self_tuning/pointcloud_all_methods_2026-03-08/paper_pointcloud_integral_NOP:400_IM:integral_M:rotation_BW:47.0_IC:False_AS:False_SNR:10_LT:RWGL.pkl,results/pointcloud_self_tuning/pointcloud_all_methods_2026-03-08/new_plots/paper_pointcloud_integral_NOP:400_IM:integral_M:rotation_BW:47.0_IC:False_AS:False_SNR:10_LT:RWGL.pdf
integral,400,20,47.0,results/pointcloud_self_tuning/pointcloud_all_methods_2026-03-08/paper_pointcloud_integral_NOP:400_IM:integral_M:rotation_BW:47.0_IC:False_AS:False_SNR:20_LT:RWGL.pkl,results/pointcloud_self_tuning/pointcloud_all_methods_2026-03-08/new_plots/paper_pointcloud_integral_NOP:400_IM:integral_M:rotation_BW:47.0_IC:False_AS:False_SNR:20_LT:RWGL.pdf
integral,800,0,47.0,results/pointcloud_self_tuning/pointcloud_all_methods_2026-03-08/paper_pointcloud_integral_NOP:800_IM:integral_M:rotation_BW:47.0_IC:False_AS:False_SNR:0_LT:RWGL.pkl,results/pointcloud_self_tuning/pointcloud_all_methods_2026-03-08/new_plots/paper_pointcloud_integral_NOP:800_IM:integral_M:rotation_BW:47.0_IC:False_AS:False_SNR:0_LT:RWGL.pdf
integral,800,10,47.0,results/pointcloud_self_tuning/pointcloud_all_methods_2026-03-08/paper_pointcloud_integral_NOP:800_IM:integral_M:rotation_BW:47.0_IC:False_AS:False_SNR:10_LT:RWGL.pkl,results/pointcloud_self_tuning/pointcloud_all_methods_2026-03-08/new_plots/paper_pointcloud_integral_NOP:800_IM:integral_M:rotation_BW:47.0_IC:False_AS:False_SNR:10_LT:RWGL.pdf
integral,800,20,47.0,results/pointcloud_self_tuning/pointcloud_all_methods_2026-03-08/paper_pointcloud_integral_NOP:800_IM:integral_M:rotation_BW:47.0_IC:False_AS:False_SNR:20_LT:RWGL.pkl,results/pointcloud_self_tuning/pointcloud_all_methods_2026-03-08/new_plots/paper_pointcloud_integral_NOP:800_IM:integral_M:rotation_BW:47.0_IC:False_AS:False_SNR:20_LT:RWGL.pdf
min,200,0,47.0,results/pointcloud_self_tuning/pointcloud_all_methods_2026-03-08/paper_pointcloud_min_NOP:200_IM:min_M:rotation_BW:47.0_IC:False_AS:False_SNR:0_LT:RWGL.pkl,results/pointcloud_self_tuning/pointcloud_all_methods_2026-03-08/new_plots/paper_pointcloud_min_NOP:200_IM:min_M:rotation_BW:47.0_IC:False_AS:False_SNR:0_LT:RWGL.pdf
min,200,10,47.0,results/pointcloud_self_tuning/pointcloud_all_methods_2026-03-08/paper_pointcloud_min_NOP:200_IM:min_M:rotation_BW:47.0_IC:False_AS:False_SNR:10_LT:RWGL.pkl,results/pointcloud_self_tuning/pointcloud_all_methods_2026-03-08/new_plots/paper_pointcloud_min_NOP:200_IM:min_M:rotation_BW:47.0_IC:False_AS:False_SNR:10_LT:RWGL.pdf
min,200,20,47.0,results/pointcloud_self_tuning/pointcloud_all_methods_2026-03-08/paper_pointcloud_min_NOP:200_IM:min_M:rotation_BW:47.0_IC:False_AS:False_SNR:20_LT:RWGL.pkl,results/pointcloud_self_tuning/pointcloud_all_methods_2026-03-08/new_plots/paper_pointcloud_min_NOP:200_IM:min_M:rotation_BW:47.0_IC:False_AS:False_SNR:20_LT:RWGL.pdf
min,400,0,47.0,results/pointcloud_self_tuning/pointcloud_all_methods_2026-03-08/paper_pointcloud_min_NOP:400_IM:min_M:rotation_BW:47.0_IC:False_AS:False_SNR:0_LT:RWGL.pkl,results/pointcloud_self_tuning/pointcloud_all_methods_2026-03-08/new_plots/paper_pointcloud_min_NOP:400_IM:min_M:rotation_BW:47.0_IC:False_AS:False_SNR:0_LT:RWGL.pdf
min,400,10,47.0,results/pointcloud_self_tuning/pointcloud_all_methods_2026-03-08/paper_pointcloud_min_NOP:400_IM:min_M:rotation_BW:47.0_IC:False_AS:False_SNR:10_LT:RWGL.pkl,results/pointcloud_self_tuning/pointcloud_all_methods_2026-03-08/new_plots/paper_pointcloud_min_NOP:400_IM:min_M:rotation_BW:47.0_IC:False_AS:False_SNR:10_LT:RWGL.pdf
min,400,20,47.0,results/pointcloud_self_tuning/pointcloud_all_methods_2026-03-08/paper_pointcloud_min_NOP:400_IM:min_M:rotation_BW:47.0_IC:False_AS:False_SNR:20_LT:RWGL.pkl,results/pointcloud_self_tuning/pointcloud_all_methods_2026-03-08/new_plots/paper_pointcloud_min_NOP:400_IM:min_M:rotation_BW:47.0_IC:False_AS:False_SNR:20_LT:RWGL.pdf
min,800,0,47.0,results/pointcloud_self_tuning/pointcloud_all_methods_2026-03-08/paper_pointcloud_min_NOP:800_IM:min_M:rotation_BW:47.0_IC:False_AS:False_SNR:0_LT:RWGL.pkl,results/pointcloud_self_tuning/pointcloud_all_methods_2026-03-08/new_plots/paper_pointcloud_min_NOP:800_IM:min_M:rotation_BW:47.0_IC:False_AS:False_SNR:0_LT:RWGL.pdf
min,800,10,47.0,results/pointcloud_self_tuning/pointcloud_all_methods_2026-03-08/paper_pointcloud_min_NOP:800_IM:min_M:rotation_BW:47.0_IC:False_AS:False_SNR:10_LT:RWGL.pkl,results/pointcloud_self_tuning/pointcloud_all_methods_2026-03-08/new_plots/paper_pointcloud_min_NOP:800_IM:min_M:rotation_BW:47.0_IC:False_AS:False_SNR:10_LT:RWGL.pdf
min,800,20,47.0,results/pointcloud_self_tuning/pointcloud_all_methods_2026-03-08/paper_pointcloud_min_NOP:800_IM:min_M:rotation_BW:47.0_IC:False_AS:False_SNR:20_LT:RWGL.pkl,results/pointcloud_self_tuning/pointcloud_all_methods_2026-03-08/new_plots/paper_pointcloud_min_NOP:800_IM:min_M:rotation_BW:47.0_IC:False_AS:False_SNR:20_LT:RWGL.pdf
invariant_features,200,0,3000.0,results/pointcloud_self_tuning/pointcloud_all_methods_2026-03-08/paper_pointcloud_invariant_features_NOP:200_IM:invariant_features_M:rotation_BW:3000.0_IC:False_AS:False_SNR:0_LT:RWGL.pkl,results/pointcloud_self_tuning/pointcloud_all_methods_2026-03-08/new_plots/paper_pointcloud_invariant_features_NOP:200_IM:invariant_features_M:rotation_BW:3000.0_IC:False_AS:False_SNR:0_LT:RWGL.pdf
invariant_features,200,10,3000.0,results/pointcloud_self_tuning/pointcloud_all_methods_2026-03-08/paper_pointcloud_invariant_features_NOP:200_IM:invariant_features_M:rotation_BW:3000.0_IC:False_AS:False_SNR:10_LT:RWGL.pkl,results/pointcloud_self_tuning/pointcloud_all_methods_2026-03-08/new_plots/paper_pointcloud_invariant_features_NOP:200_IM:invariant_features_M:rotation_BW:3000.0_IC:False_AS:False_SNR:10_LT:RWGL.pdf
invariant_features,200,20,3000.0,results/pointcloud_self_tuning/pointcloud_all_methods_2026-03-08/paper_pointcloud_invariant_features_NOP:200_IM:invariant_features_M:rotation_BW:3000.0_IC:False_AS:False_SNR:20_LT:RWGL.pkl,results/pointcloud_self_tuning/pointcloud_all_methods_2026-03-08/new_plots/paper_pointcloud_invariant_features_NOP:200_IM:invariant_features_M:rotation_BW:3000.0_IC:False_AS:False_SNR:20_LT:RWGL.pdf
invariant_features,400,0,3000.0,results/pointcloud_self_tuning/pointcloud_all_methods_2026-03-08/paper_pointcloud_invariant_features_NOP:400_IM:invariant_features_M:rotation_BW:3000.0_IC:False_AS:False_SNR:0_LT:RWGL.pkl,results/pointcloud_self_tuning/pointcloud_all_methods_2026-03-08/new_plots/paper_pointcloud_invariant_features_NOP:400_IM:invariant_features_M:rotation_BW:3000.0_IC:False_AS:False_SNR:0_LT:RWGL.pdf
invariant_features,400,10,3000.0,results/pointcloud_self_tuning/pointcloud_all_methods_2026-03-08/paper_pointcloud_invariant_features_NOP:400_IM:invariant_features_M:rotation_BW:3000.0_IC:False_AS:False_SNR:10_LT:RWGL.pkl,results/pointcloud_self_tuning/pointcloud_all_methods_2026-03-08/new_plots/paper_pointcloud_invariant_features_NOP:400_IM:invariant_features_M:rotation_BW:3000.0_IC:False_AS:False_SNR:10_LT:RWGL.pdf
invariant_features,400,20,3000.0,results/pointcloud_self_tuning/pointcloud_all_methods_2026-03-08/paper_pointcloud_invariant_features_NOP:400_IM:invariant_features_M:rotation_BW:3000.0_IC:False_AS:False_SNR:20_LT:RWGL.pkl,results/pointcloud_self_tuning/pointcloud_all_methods_2026-03-08/new_plots/paper_pointcloud_invariant_features_NOP:400_IM:invariant_features_M:rotation_BW:3000.0_IC:False_AS:False_SNR:20_LT:RWGL.pdf
invariant_features,800,0,3000.0,results/pointcloud_self_tuning/pointcloud_all_methods_2026-03-08/paper_pointcloud_invariant_features_NOP:800_IM:invariant_features_M:rotation_BW:3000.0_IC:False_AS:False_SNR:0_LT:RWGL.pkl,results/pointcloud_self_tuning/pointcloud_all_methods_2026-03-08/new_plots/paper_pointcloud_invariant_features_NOP:800_IM:invariant_features_M:rotation_BW:3000.0_IC:False_AS:False_SNR:0_LT:RWGL.pdf
invariant_features,800,10,3000.0,results/pointcloud_self_tuning/pointcloud_all_methods_2026-03-08/paper_pointcloud_invariant_features_NOP:800_IM:invariant_features_M:rotation_BW:3000.0_IC:False_AS:False_SNR:10_LT:RWGL.pkl,results/pointcloud_self_tuning/pointcloud_all_methods_2026-03-08/new_plots/paper_pointcloud_invariant_features_NOP:800_IM:invariant_features_M:rotation_BW:3000.0_IC:False_AS:False_SNR:10_LT:RWGL.pdf
invariant_features,800,20,3000.0,results/pointcloud_self_tuning/pointcloud_all_methods_2026-03-08/paper_pointcloud_invariant_features_NOP:800_IM:invariant_features_M:rotation_BW:3000.0_IC:False_AS:False_SNR:20_LT:RWGL.pkl,results/pointcloud_self_tuning/pointcloud_all_methods_2026-03-08/new_plots/paper_pointcloud_invariant_features_NOP:800_IM:invariant_features_M:rotation_BW:3000.0_IC:False_AS:False_SNR:20_LT:RWGL.pdf
none,200,0,3000.0,results/pointcloud_self_tuning/pointcloud_all_methods_2026-03-08/paper_pointcloud_none_NOP:200_IM:none_M:rotation_BW:3000.0_IC:False_AS:False_SNR:0_LT:RWGL.pkl,results/pointcloud_self_tuning/pointcloud_all_methods_2026-03-08/new_plots/paper_pointcloud_none_NOP:200_IM:none_M:rotation_BW:3000.0_IC:False_AS:False_SNR:0_LT:RWGL.pdf
none,200,10,3000.0,results/pointcloud_self_tuning/pointcloud_all_methods_2026-03-08/paper_pointcloud_none_NOP:200_IM:none_M:rotation_BW:3000.0_IC:False_AS:False_SNR:10_LT:RWGL.pkl,results/pointcloud_self_tuning/pointcloud_all_methods_2026-03-08/new_plots/paper_pointcloud_none_NOP:200_IM:none_M:rotation_BW:3000.0_IC:False_AS:False_SNR:10_LT:RWGL.pdf
none,200,20,3000.0,results/pointcloud_self_tuning/pointcloud_all_methods_2026-03-08/paper_pointcloud_none_NOP:200_IM:none_M:rotation_BW:3000.0_IC:False_AS:False_SNR:20_LT:RWGL.pkl,results/pointcloud_self_tuning/pointcloud_all_methods_2026-03-08/new_plots/paper_pointcloud_none_NOP:200_IM:none_M:rotation_BW:3000.0_IC:False_AS:False_SNR:20_LT:RWGL.pdf
none,400,0,3000.0,results/pointcloud_self_tuning/pointcloud_all_methods_2026-03-08/paper_pointcloud_none_NOP:400_IM:none_M:rotation_BW:3000.0_IC:False_AS:False_SNR:0_LT:RWGL.pkl,results/pointcloud_self_tuning/pointcloud_all_methods_2026-03-08/new_plots/paper_pointcloud_none_NOP:400_IM:none_M:rotation_BW:3000.0_IC:False_AS:False_SNR:0_LT:RWGL.pdf
none,400,10,3000.0,results/pointcloud_self_tuning/pointcloud_all_methods_2026-03-08/paper_pointcloud_none_NOP:400_IM:none_M:rotation_BW:3000.0_IC:False_AS:False_SNR:10_LT:RWGL.pkl,results/pointcloud_self_tuning/pointcloud_all_methods_2026-03-08/new_plots/paper_pointcloud_none_NOP:400_IM:none_M:rotation_BW:3000.0_IC:False_AS:False_SNR:10_LT:RWGL.pdf
none,400,20,3000.0,results/pointcloud_self_tuning/pointcloud_all_methods_2026-03-08/paper_pointcloud_none_NOP:400_IM:none_M:rotation_BW:3000.0_IC:False_AS:False_SNR:20_LT:RWGL.pkl,results/pointcloud_self_tuning/pointcloud_all_methods_2026-03-08/new_plots/paper_pointcloud_none_NOP:400_IM:none_M:rotation_BW:3000.0_IC:False_AS:False_SNR:20_LT:RWGL.pdf
none,800,0,3000.0,results/pointcloud_self_tuning/pointcloud_all_methods_2026-03-08/paper_pointcloud_none_NOP:800_IM:none_M:rotation_BW:3000.0_IC:False_AS:False_SNR:0_LT:RWGL.pkl,results/pointcloud_self_tuning/pointcloud_all_methods_2026-03-08/new_plots/paper_pointcloud_none_NOP:800_IM:none_M:rotation_BW:3000.0_IC:False_AS:False_SNR:0_LT:RWGL.pdf
none,800,10,3000.0,results/pointcloud_self_tuning/pointcloud_all_methods_2026-03-08/paper_pointcloud_none_NOP:800_IM:none_M:rotation_BW:3000.0_IC:False_AS:False_SNR:10_LT:RWGL.pkl,results/pointcloud_self_tuning/pointcloud_all_methods_2026-03-08/new_plots/paper_pointcloud_none_NOP:800_IM:none_M:rotation_BW:3000.0_IC:False_AS:False_SNR:10_LT:RWGL.pdf
none,800,20,3000.0,results/pointcloud_self_tuning/pointcloud_all_methods_2026-03-08/paper_pointcloud_none_NOP:800_IM:none_M:rotation_BW:3000.0_IC:False_AS:False_SNR:20_LT:RWGL.pkl,results/pointcloud_self_tuning/pointcloud_all_methods_2026-03-08/new_plots/paper_pointcloud_none_NOP:800_IM:none_M:rotation_BW:3000.0_IC:False_AS:False_SNR:20_LT:RWGL.pdf
none_self_tuning,200,0,1.0,results/pointcloud_self_tuning/pointcloud_all_methods_2026-03-08/paper_pointcloud_none_self_tuning_NOP:200_IM:none_self_tuning_M:rotation_BW:1.0_IC:False_AS:False_SNR:0_LT:RWGL.pkl,results/pointcloud_self_tuning/pointcloud_all_methods_2026-03-08/new_plots/paper_pointcloud_none_self_tuning_NOP:200_IM:none_self_tuning_M:rotation_BW:1.0_IC:False_AS:False_SNR:0_LT:RWGL.pdf
none_self_tuning,200,10,1.0,results/pointcloud_self_tuning/pointcloud_all_methods_2026-03-08/paper_pointcloud_none_self_tuning_NOP:200_IM:none_self_tuning_M:rotation_BW:1.0_IC:False_AS:False_SNR:10_LT:RWGL.pkl,results/pointcloud_self_tuning/pointcloud_all_methods_2026-03-08/new_plots/paper_pointcloud_none_self_tuning_NOP:200_IM:none_self_tuning_M:rotation_BW:1.0_IC:False_AS:False_SNR:10_LT:RWGL.pdf
none_self_tuning,200,20,1.0,results/pointcloud_self_tuning/pointcloud_all_methods_2026-03-08/paper_pointcloud_none_self_tuning_NOP:200_IM:none_self_tuning_M:rotation_BW:1.0_IC:False_AS:False_SNR:20_LT:RWGL.pkl,results/pointcloud_self_tuning/pointcloud_all_methods_2026-03-08/new_plots/paper_pointcloud_none_self_tuning_NOP:200_IM:none_self_tuning_M:rotation_BW:1.0_IC:False_AS:False_SNR:20_LT:RWGL.pdf
none_self_tuning,400,0,1.0,results/pointcloud_self_tuning/pointcloud_all_methods_2026-03-08/paper_pointcloud_none_self_tuning_NOP:400_IM:none_self_tuning_M:rotation_BW:1.0_IC:False_AS:False_SNR:0_LT:RWGL.pkl,results/pointcloud_self_tuning/pointcloud_all_methods_2026-03-08/new_plots/paper_pointcloud_none_self_tuning_NOP:400_IM:none_self_tuning_M:rotation_BW:1.0_IC:False_AS:False_SNR:0_LT:RWGL.pdf
none_self_tuning,400,10,1.0,results/pointcloud_self_tuning/pointcloud_all_methods_2026-03-08/paper_pointcloud_none_self_tuning_NOP:400_IM:none_self_tuning_M:rotation_BW:1.0_IC:False_AS:False_SNR:10_LT:RWGL.pkl,results/pointcloud_self_tuning/pointcloud_all_methods_2026-03-08/new_plots/paper_pointcloud_none_self_tuning_NOP:400_IM:none_self_tuning_M:rotation_BW:1.0_IC:False_AS:False_SNR:10_LT:RWGL.pdf
none_self_tuning,400,20,1.0,results/pointcloud_self_tuning/pointcloud_all_methods_2026-03-08/paper_pointcloud_none_self_tuning_NOP:400_IM:none_self_tuning_M:rotation_BW:1.0_IC:False_AS:False_SNR:20_LT:RWGL.pkl,results/pointcloud_self_tuning/pointcloud_all_methods_2026-03-08/new_plots/paper_pointcloud_none_self_tuning_NOP:400_IM:none_self_tuning_M:rotation_BW:1.0_IC:False_AS:False_SNR:20_LT:RWGL.pdf
none_self_tuning,800,0,1.0,results/pointcloud_self_tuning/pointcloud_all_methods_2026-03-08/paper_pointcloud_none_self_tuning_NOP:800_IM:none_self_tuning_M:rotation_BW:1.0_IC:False_AS:False_SNR:0_LT:RWGL.pkl,results/pointcloud_self_tuning/pointcloud_all_methods_2026-03-08/new_plots/paper_pointcloud_none_self_tuning_NOP:800_IM:none_self_tuning_M:rotation_BW:1.0_IC:False_AS:False_SNR:0_LT:RWGL.pdf
none_self_tuning,800,10,1.0,results/pointcloud_self_tuning/pointcloud_all_methods_2026-03-08/paper_pointcloud_none_self_tuning_NOP:800_IM:none_self_tuning_M:rotation_BW:1.0_IC:False_AS:False_SNR:10_LT:RWGL.pkl,results/pointcloud_self_tuning/pointcloud_all_methods_2026-03-08/new_plots/paper_pointcloud_none_self_tuning_NOP:800_IM:none_self_tuning_M:rotation_BW:1.0_IC:False_AS:False_SNR:10_LT:RWGL.pdf
none_self_tuning,800,20,1.0,results/pointcloud_self_tuning/pointcloud_all_methods_2026-03-08/paper_pointcloud_none_self_tuning_NOP:800_IM:none_self_tuning_M:rotation_BW:1.0_IC:False_AS:False_SNR:20_LT:RWGL.pkl,results/pointcloud_self_tuning/pointcloud_all_methods_2026-03-08/new_plots/paper_pointcloud_none_self_tuning_NOP:800_IM:none_self_tuning_M:rotation_BW:1.0_IC:False_AS:False_SNR:20_LT:RWGL.pdf
procrustes_self_tuning,200,0,1.0,results/pointcloud_self_tuning/pointcloud_all_methods_2026-03-08/paper_pointcloud_procrustes_self_tuning_NOP:200_IM:procrustes_self_tuning_M:rotation_BW:1.0_IC:False_AS:False_SNR:0_LT:RWGL.pkl,results/pointcloud_self_tuning/pointcloud_all_methods_2026-03-08/new_plots/paper_pointcloud_procrustes_self_tuning_NOP:200_IM:procrustes_self_tuning_M:rotation_BW:1.0_IC:False_AS:False_SNR:0_LT:RWGL.pdf
procrustes_self_tuning,200,10,1.0,results/pointcloud_self_tuning/pointcloud_all_methods_2026-03-08/paper_pointcloud_procrustes_self_tuning_NOP:200_IM:procrustes_self_tuning_M:rotation_BW:1.0_IC:False_AS:False_SNR:10_LT:RWGL.pkl,results/pointcloud_self_tuning/pointcloud_all_methods_2026-03-08/new_plots/paper_pointcloud_procrustes_self_tuning_NOP:200_IM:procrustes_self_tuning_M:rotation_BW:1.0_IC:False_AS:False_SNR:10_LT:RWGL.pdf
procrustes_self_tuning,200,20,1.0,results/pointcloud_self_tuning/pointcloud_all_methods_2026-03-08/paper_pointcloud_procrustes_self_tuning_NOP:200_IM:procrustes_self_tuning_M:rotation_BW:1.0_IC:False_AS:False_SNR:20_LT:RWGL.pkl,results/pointcloud_self_tuning/pointcloud_all_methods_2026-03-08/new_plots/paper_pointcloud_procrustes_self_tuning_NOP:200_IM:procrustes_self_tuning_M:rotation_BW:1.0_IC:False_AS:False_SNR:20_LT:RWGL.pdf
procrustes_self_tuning,400,0,1.0,results/pointcloud_self_tuning/pointcloud_all_methods_2026-03-08/paper_pointcloud_procrustes_self_tuning_NOP:400_IM:procrustes_self_tuning_M:rotation_BW:1.0_IC:False_AS:False_SNR:0_LT:RWGL.pkl,results/pointcloud_self_tuning/pointcloud_all_methods_2026-03-08/new_plots/paper_pointcloud_procrustes_self_tuning_NOP:400_IM:procrustes_self_tuning_M:rotation_BW:1.0_IC:False_AS:False_SNR:0_LT:RWGL.pdf
procrustes_self_tuning,400,10,1.0,results/pointcloud_self_tuning/pointcloud_all_methods_2026-03-08/paper_pointcloud_procrustes_self_tuning_NOP:400_IM:procrustes_self_tuning_M:rotation_BW:1.0_IC:False_AS:False_SNR:10_LT:RWGL.pkl,results/pointcloud_self_tuning/pointcloud_all_methods_2026-03-08/new_plots/paper_pointcloud_procrustes_self_tuning_NOP:400_IM:procrustes_self_tuning_M:rotation_BW:1.0_IC:False_AS:False_SNR:10_LT:RWGL.pdf
procrustes_self_tuning,400,20,1.0,results/pointcloud_self_tuning/pointcloud_all_methods_2026-03-08/paper_pointcloud_procrustes_self_tuning_NOP:400_IM:procrustes_self_tuning_M:rotation_BW:1.0_IC:False_AS:False_SNR:20_LT:RWGL.pkl,results/pointcloud_self_tuning/pointcloud_all_methods_2026-03-08/new_plots/paper_pointcloud_procrustes_self_tuning_NOP:400_IM:procrustes_self_tuning_M:rotation_BW:1.0_IC:False_AS:False_SNR:20_LT:RWGL.pdf
procrustes_self_tuning,800,0,1.0,results/pointcloud_self_tuning/pointcloud_all_methods_2026-03-08/paper_pointcloud_procrustes_self_tuning_NOP:800_IM:procrustes_self_tuning_M:rotation_BW:1.0_IC:False_AS:False_SNR:0_LT:RWGL.pkl,results/pointcloud_self_tuning/pointcloud_all_methods_2026-03-08/new_plots/paper_pointcloud_procrustes_self_tuning_NOP:800_IM:procrustes_self_tuning_M:rotation_BW:1.0_IC:False_AS:False_SNR:0_LT:RWGL.pdf
procrustes_self_tuning,800,10,1.0,results/pointcloud_self_tuning/pointcloud_all_methods_2026-03-08/paper_pointcloud_procrustes_self_tuning_NOP:800_IM:procrustes_self_tuning_M:rotation_BW:1.0_IC:False_AS:False_SNR:10_LT:RWGL.pkl,results/pointcloud_self_tuning/pointcloud_all_methods_2026-03-08/new_plots/paper_pointcloud_procrustes_self_tuning_NOP:800_IM:procrustes_self_tuning_M:rotation_BW:1.0_IC:False_AS:False_SNR:10_LT:RWGL.pdf
procrustes_self_tuning,800,20,1.0,results/pointcloud_self_tuning/pointcloud_all_methods_2026-03-08/paper_pointcloud_procrustes_self_tuning_NOP:800_IM:procrustes_self_tuning_M:rotation_BW:1.0_IC:False_AS:False_SNR:20_LT:RWGL.pkl,results/pointcloud_self_tuning/pointcloud_all_methods_2026-03-08/new_plots/paper_pointcloud_procrustes_self_tuning_NOP:800_IM:procrustes_self_tuning_M:rotation_BW:1.0_IC:False_AS:False_SNR:20_LT:RWGL.pdf
invariant_features_self_tuning,200,0,1.0,results/pointcloud_self_tuning/pointcloud_all_methods_2026-03-08/paper_pointcloud_invariant_features_self_tuning_NOP:200_IM:invariant_features_self_tuning_M:rotation_BW:1.0_IC:False_AS:False_SNR:0_LT:RWGL.pkl,results/pointcloud_self_tuning/pointcloud_all_methods_2026-03-08/new_plots/paper_pointcloud_invariant_features_self_tuning_NOP:200_IM:invariant_features_self_tuning_M:rotation_BW:1.0_IC:False_AS:False_SNR:0_LT:RWGL.pdf
invariant_features_self_tuning,200,10,1.0,results/pointcloud_self_tuning/pointcloud_all_methods_2026-03-08/paper_pointcloud_invariant_features_self_tuning_NOP:200_IM:invariant_features_self_tuning_M:rotation_BW:1.0_IC:False_AS:False_SNR:10_LT:RWGL.pkl,results/pointcloud_self_tuning/pointcloud_all_methods_2026-03-08/new_plots/paper_pointcloud_invariant_features_self_tuning_NOP:200_IM:invariant_features_self_tuning_M:rotation_BW:1.0_IC:False_AS:False_SNR:10_LT:RWGL.pdf
invariant_features_self_tuning,200,20,1.0,results/pointcloud_self_tuning/pointcloud_all_methods_2026-03-08/paper_pointcloud_invariant_features_self_tuning_NOP:200_IM:invariant_features_self_tuning_M:rotation_BW:1.0_IC:False_AS:False_SNR:20_LT:RWGL.pkl,results/pointcloud_self_tuning/pointcloud_all_methods_2026-03-08/new_plots/paper_pointcloud_invariant_features_self_tuning_NOP:200_IM:invariant_features_self_tuning_M:rotation_BW:1.0_IC:False_AS:False_SNR:20_LT:RWGL.pdf
invariant_features_self_tuning,400,0,1.0,results/pointcloud_self_tuning/pointcloud_all_methods_2026-03-08/paper_pointcloud_invariant_features_self_tuning_NOP:400_IM:invariant_features_self_tuning_M:rotation_BW:1.0_IC:False_AS:False_SNR:0_LT:RWGL.pkl,results/pointcloud_self_tuning/pointcloud_all_methods_2026-03-08/new_plots/paper_pointcloud_invariant_features_self_tuning_NOP:400_IM:invariant_features_self_tuning_M:rotation_BW:1.0_IC:False_AS:False_SNR:0_LT:RWGL.pdf
invariant_features_self_tuning,400,10,1.0,results/pointcloud_self_tuning/pointcloud_all_methods_2026-03-08/paper_pointcloud_invariant_features_self_tuning_NOP:400_IM:invariant_features_self_tuning_M:rotation_BW:1.0_IC:False_AS:False_SNR:10_LT:RWGL.pkl,results/pointcloud_self_tuning/pointcloud_all_methods_2026-03-08/new_plots/paper_pointcloud_invariant_features_self_tuning_NOP:400_IM:invariant_features_self_tuning_M:rotation_BW:1.0_IC:False_AS:False_SNR:10_LT:RWGL.pdf
invariant_features_self_tuning,400,20,1.0,results/pointcloud_self_tuning/pointcloud_all_methods_2026-03-08/paper_pointcloud_invariant_features_self_tuning_NOP:400_IM:invariant_features_self_tuning_M:rotation_BW:1.0_IC:False_AS:False_SNR:20_LT:RWGL.pkl,results/pointcloud_self_tuning/pointcloud_all_methods_2026-03-08/new_plots/paper_pointcloud_invariant_features_self_tuning_NOP:400_IM:invariant_features_self_tuning_M:rotation_BW:1.0_IC:False_AS:False_SNR:20_LT:RWGL.pdf
invariant_features_self_tuning,800,0,1.0,results/pointcloud_self_tuning/pointcloud_all_methods_2026-03-08/paper_pointcloud_invariant_features_self_tuning_NOP:800_IM:invariant_features_self_tuning_M:rotation_BW:1.0_IC:False_AS:False_SNR:0_LT:RWGL.pkl,results/pointcloud_self_tuning/pointcloud_all_methods_2026-03-08/new_plots/paper_pointcloud_invariant_features_self_tuning_NOP:800_IM:invariant_features_self_tuning_M:rotation_BW:1.0_IC:False_AS:False_SNR:0_LT:RWGL.pdf
invariant_features_self_tuning,800,10,1.0,results/pointcloud_self_tuning/pointcloud_all_methods_2026-03-08/paper_pointcloud_invariant_features_self_tuning_NOP:800_IM:invariant_features_self_tuning_M:rotation_BW:1.0_IC:False_AS:False_SNR:10_LT:RWGL.pkl,results/pointcloud_self_tuning/pointcloud_all_methods_2026-03-08/new_plots/paper_pointcloud_invariant_features_self_tuning_NOP:800_IM:invariant_features_self_tuning_M:rotation_BW:1.0_IC:False_AS:False_SNR:10_LT:RWGL.pdf
invariant_features_self_tuning,800,20,1.0,results/pointcloud_self_tuning/pointcloud_all_methods_2026-03-08/paper_pointcloud_invariant_features_self_tuning_NOP:800_IM:invariant_features_self_tuning_M:rotation_BW:1.0_IC:False_AS:False_SNR:20_LT:RWGL.pkl,results/pointcloud_self_tuning/pointcloud_all_methods_2026-03-08/new_plots/paper_pointcloud_invariant_features_self_tuning_NOP:800_IM:invariant_features_self_tuning_M:rotation_BW:1.0_IC:False_AS:False_SNR:20_LT:RWGL.pdf
