frame,psi1,psi2,psi3,csv_gt_angle,inplane_angle_rad
0,-0.4704686585878698,-0.9996926768600808,1.0304400367268125,65.174,0.5972999930381775
1,-1.2895190505943268,0.16379497420801764,-0.018100038046626386,66.3723855255557,5.399799823760986
2,1.1665132291194875,0.013977861289238388,0.5326969387333216,67.57058181214477,3.1321001052856445
3,0.7546858681370144,-1.263930856408598,-1.4162446322105344,68.76839965068365,2.317699909210205
4,-0.5327840368684433,0.9733331313802669,-1.3927443837194728,69.96564989185009,6.278299808502197
5,0.5865852235434499,1.2162626862623496,0.6283032530503483,71.16214347595204,2.6526999473571777
6,-0.3659425039654162,1.1391499554744373,-1.2671439275664618,72.35769146278237,4.134300231933594
7,-0.8356313738287579,-0.8446787444128668,1.35544643677127,73.55210506145472,2.3225998878479004
8,-0.9635889678565863,0.6137522453001228,-1.18102555232108,74.74519566021581,3.8647000789642334
9,-0.7717436476397376,-0.9256982686115516,1.2800079566542277,75.93677485622933,2.219599962234497
10,0.9202017507872396,0.9989954460811692,1.1271722672460076,77.12665448532701,1.2000000476837158
11,1.1383288713581006,0.7321053141947622,1.404929535459853,78.31464665172189,0.6075000166893005
12,0.8653286388266289,-1.1418798387334903,-1.3165945086316961,79.50056375767925,5.600800037384033
13,-0.6337605693073399,0.9695543942104944,-1.4042982023641308,80.68421853314047,1.0867999792099
14,1.1920144524925524,-0.18703473134727047,0.417637148037802,81.86542406529516,0.35350000858306885
15,-0.5608427768495027,1.045446571642317,-1.4042418818731397,83.0439938280968,4.42579984664917
16,0.1296865472519291,-1.2167647260157615,-0.4224820277427825,84.21974171171746,6.245699882507324
17,-1.267453143372089,-0.29114984649650033,1.1482800402294795,85.39248205193658,3.8466999530792236
18,-1.0463058019270082,0.7727736099307716,-1.1780821133998294,86.56202965945964,5.737599849700928
19,-0.6094860956824868,-1.0037137388518698,1.1134290815711883,87.72819984916156,1.6100000143051147
20,0.9185199308943294,-0.940934803882802,-0.8386668467815869,88.89080846925071,5.309500217437744
21,1.1720398872488373,0.03501939306573167,0.7849131945243008,90.04967193034861,4.5472002029418945
22,0.5711666684341025,-1.35097841999852,-1.408241983855241,91.20460723448076,2.2932000160217285
23,-1.3058249321230793,-0.12529494692539142,0.7793318116478218,92.35543200397422,1.8485000133514404
24,1.175044793218716,0.6364185704406278,1.384742554548501,93.5019645102571,0.9460999965667725
25,1.2181064286157237,-0.17514015035247718,0.5188978022559121,94.64402370255561,2.994999885559082
26,1.1138916529008043,-0.6346762544767306,-0.15478307188166698,95.78142923648416,2.8680999279022217
27,0.8192043773358718,1.0812797895638173,0.819790741451978,96.91400150252367,1.6171000003814697
28,-1.374338564663357,0.051752519570341056,0.44960760708706915,98.04156165438417,1.593500018119812
29,-1.0685308408525538,0.753525951035313,-1.017135929771813,99.16393163724659,5.687600135803223
30,0.3929111357149678,1.2716361684419983,-0.21436913374046937,100.28093421587968,4.448599815368652
31,1.0395798816409596,-0.7803635921229416,-0.23273419506201548,101.39239300262761,0.08659999817609787
32,0.5770086856203471,1.2333293338601279,0.05458021221722074,102.49813248526348,4.150599956512451
33,1.3109590024430733,0.29720024186113675,1.1008203763109403,103.59797805470487,3.5527000427246094
34,0.759587322450309,-1.3464853383031603,-1.3727152082482619,104.69175603258654,0.19689999520778656
35,0.5707779232108402,1.3459955037744584,-0.04586399958337606,105.7792936986863,4.252500057220459
36,1.076129177044819,-0.9127457544863177,-0.43306102290544507,106.86041931819952,6.2642998695373535
37,-0.5855629416075518,1.1270214775642662,-1.369486754925821,107.9349621688581,1.0484000444412231
38,0.935334321478399,-1.1252980073632262,-0.852636240694949,109.00275256788944,1.3007999658584595
39,-0.9256205687651758,0.9769574446831937,-1.3389933726692678,110.06362189881128,2.5627999305725098
40,-1.4544656893363466,-0.1137724574626734,0.9226610316541142,111.1174026380583,3.963399887084961
41,-1.4565155837027293,0.2948640356778571,0.27699019581724915,112.16392838143592,1.9259999990463257
42,0.8975525589661943,1.1275911861177101,0.6544965975329892,113.2030338703976,2.883500099182129
43,1.3488140931915704,0.26485286735999075,1.202484500512655,114.23455501814092,0.9930999875068665
44,-0.22112560202590953,-1.2897467012396473,0.01573744012631468,115.25832893551889,1.4735000133514404
45,-1.1748942043062351,0.7451575237124005,-0.7542644825675403,116.27419395676199,1.5819000005722046
46,0.8105566741084309,1.2607675028186938,0.35966926017391593,117.28198966500705,2.8761000633239746
47,-0.9178321072741777,-0.9894444057288481,1.0930993424201423,118.28155691762903,0.39480000734329224
48,-0.6213493706580595,-1.2296265128938864,0.592449362441949,119.27273787137139,0.6990000009536743
49,1.0459122099330485,-1.0951537720810192,-0.497455175659901,120.25537600727141,4.777200222015381
50,-0.7520045390192066,-1.10000358721505,0.9301782918536889,121.2293161553763,4.546800136566162
51,1.4190560239602927,0.728543078092307,1.4320451197672115,122.1944045192464,0.5480999946594238
52,-1.2689463893739052,0.7740744712566872,-0.7247036730874735,123.15048870024145,3.380500078201294
53,-1.4159013864728875,-0.6758983632896797,1.5680329467809442,124.09741772158591,0.5407999753952026
54,1.1548098809658964,-1.047205543994552,-0.24191932085069665,125.03504205221024,4.097599983215332
55,1.4926181905448255,0.8708909244925351,1.4223455427375273,125.9632136303633,2.2151999473571777
56,1.2307222593369282,-0.6474028044903547,0.22146762938342396,126.8817858869932,4.4618000984191895
57,-0.9707832358940672,-1.0480764364551713,1.1287392776508662,127.7906137688922,5.353300094604492
58,-1.4531045564532168,0.6254518537152562,-0.3540121323821906,128.6895537616023,1.9844000339508057
59,1.3236316373198094,1.031804663767737,1.214752574638378,129.57846391207772,0.682699978351593
60,-1.464714220999206,-0.696241145890818,1.579284042781493,130.45720385110127,1.1146999597549438
61,-1.0747602887407595,1.148048358617524,-1.3734691375357593,131.3256348154498,0.7240999937057495
62,-1.6749748236819333,0.2661609275961695,0.3720634423150435,132.18361966980686,2.425299882888794
63,-1.0210347732214835,1.277938346729072,-1.514242598247731,133.03102292841794,0.9531999826431274
64,1.5895326625286945,0.7846060130728224,1.5011921118259577,133.867710776485,4.209700107574463
65,-1.2272274965129162,1.0276735667605046,-1.1838280764633762,134.69355109129776,4.812300205230713
66,0.719528452968867,1.5525682958197318,0.01808392580511548,135.50841346309699,5.948500156402588
67,-1.4807039130177935,-0.736100650672919,1.674597310007346,136.31216921566798,0.7810999751091003
68,1.6400622155233804,0.5583433280584816,1.42090742318395,137.10469142666,1.1633000373840332
69,0.961114862506335,1.3665894406593482,0.4189656720620853,137.88585494762876,2.390199899673462
70,1.062469015289273,1.2875293845851028,0.7062131228894657,138.6555364237987,1.0654000043869019
71,0.4667620822558428,-1.801312386235637,-1.5242245119793634,139.41361431354233,0.3028999865055084
72,1.5065599446016256,-0.43513158935019774,0.6545109745834868,140.15996890757293,3.0095999240875244
73,-1.5932840426772414,-0.6080622687155764,1.6316638851008887,140.8944823478481,2.8236000537872314
74,0.07554733113337424,1.635347769750939,-1.0031577477294324,141.6170386461809,5.540500164031982
75,-0.8874654947451419,1.4188542844477963,-1.5701379261848012,142.32752370255562,6.249300003051758
76,-1.1361283125215953,1.2827780824150898,-1.4919972228555105,143.02582532314568,4.612100124359131
77,1.0386792360866497,-1.457752181979008,-0.760709527369387,143.71183323803024,3.9823999404907227
78,0.5558049768423021,1.6594523685158793,-0.39406683803786796,144.38543911860705,3.861999988555908
79,-1.8291643652156782,-0.04374340643261449,1.022248790571035,145.04653659469895,5.635499954223633
80,-1.821207325953934,-0.37944049423851434,1.4944828535158934,145.6950212713507,1.5317000150680542
81,-1.6485633896062815,0.6070952829608363,-0.25901851298514056,146.3307907453144,2.9337000846862793
82,-1.722732520629273,-0.6097528904774248,1.6073939969059927,146.95374462122004,2.065000057220459
83,-1.3973893216996751,-0.8870257095527518,1.5257663772572565,147.56378452742916,1.1871999502182007
84,1.1752149523413944,-1.3326715048928197,-0.4888081323844253,148.16081413156866,1.024399995803833
85,1.2584665858346338,-1.1696619343679526,-0.3085508255443821,148.74473915574316,5.777500152587891
86,0.8774204178670081,-1.7533198006301929,-1.3030486540619102,149.3154673914222,2.882200002670288
87,0.19147354329311642,-1.7743986226562145,-1.2202364539710273,149.8729087140013,4.368800163269043
88,0.2988035708625404,-1.8959947470592016,-1.4589911033813052,150.41697509703357,3.9869000911712646
89,1.5618408003720499,-0.588854901885916,0.6344508849112149,150.9475806261301,5.089600086212158
90,0.381781920223101,1.738769118651932,-0.6234588885737908,151.4646415125269,0.7936999797821045
91,-1.7234269157880555,0.5992447018967338,-0.14381617453216688,151.968076106316,3.6273999214172363
92,0.8819562311108998,-1.784099379833158,-1.267253373047464,152.45780490933905,2.803800106048584
93,0.546366678462441,-1.9294052482186852,-1.5769196270181334,152.93375058774097,2.152899980545044
94,1.6617170280454425,-0.2670186521494895,0.9381834226759265,153.39583798418175,4.09119987487793
95,0.5675287101445197,-1.843573944081587,-1.5919793800875497,153.84399412970487,4.251800060272217
96,0.4040642500263426,-1.897753707193166,-1.4760122614423672,154.27814825525974,0.9355999827384949
97,0.8713675609877891,1.4522742204484682,0.18011931913218382,154.69823180287702,5.906599998474121
98,0.46958725313904714,1.7517024944988422,-0.5413324781551127,155.1041784364948,5.892899990081787
99,-1.8681596395834603,-0.35950378549063555,1.3346451810989095,155.4959240524338,3.03629994392395
100,-1.769547490413147,-0.6265629744871051,1.6051058485294696,155.87340678951992,4.975299835205078
101,0.22693149944910324,1.6938358168429013,-0.8121680031697212,156.2365670388531,1.215399980545044
102,0.9171862224064844,1.3616618085129737,0.3529194092021469,156.5853474532201,3.293100118637085
103,-1.8511735373859524,-0.33880958450848575,1.2826966500222081,156.91969295615024,6.24459981918335
104,0.07365936148622941,1.6590659486835864,-0.9697529983531346,157.23955075061284,5.892600059509277
105,0.5779564059421148,1.7422405818195523,-0.42608687981506493,157.54487032735418,3.1851999759674072
106,-1.5720839526423782,-0.9040383335739686,1.6456771664927088,157.83560347287371,0.9157999753952026
107,1.603078903029758,1.1771267880260774,1.4085034718634928,158.11170427703752,3.112799882888794
108,-0.5885145012874526,-1.3926123023544397,0.32526265645876934,158.37312914032793,2.150099992752075
109,-1.9307961264681714,-0.3026328450887389,1.3610075439293088,158.61983678072846,4.797500133514404
110,0.2186241336642661,1.7701550826750387,-0.8251151845076957,158.85178824024285,2.2304000854492188
111,-1.570166607766233,-0.8773573849841856,1.6732046026933316,159.06894689104672,4.632699966430664
112,-1.9230507940490094,-0.1341257354858475,1.1555201399166448,159.27127844127176,5.851500034332275
113,1.6783734267402661,0.6494138162608539,1.4327863130650673,159.45875094042066,3.139899969100952
114,-1.8993888741546707,-0.09718094467993867,1.1187490972461378,159.63133478441256,3.3015999794006348
115,-0.8744102003865386,-1.291822275006278,0.8192320675940953,159.78900272025783,1.1660000085830688
116,-1.8709587034486186,-0.22722207053210763,1.2265373359064284,159.93172985036165,0.5002999901771545
117,1.6153966041524181,1.0267254216461972,1.388038459575527,160.05949363645567,2.6047000885009766
118,1.4556069215699707,1.1598041248532274,1.0822445147351072,160.17227390315696,0.36419999599456787
119,-1.4737395991729523,-1.0325907958409575,1.5207670101358188,160.27005284115398,2.004199981689453
120,1.7962921922255302,0.5704391180939407,1.4887852035400089,160.352815010019,0.7972000241279602
121,1.1852168276521005,1.3344877775776178,0.6201892397002197,160.42054734064607,3.135999917984009
122,-0.3207908573011718,1.734100763780687,-1.307286763982446,160.4732391373151,5.562399864196777
123,-1.7383628714804844,0.35672873402117106,0.27218946977812036,160.51088207938048,2.625200033187866
124,0.5901443857739676,1.7184905124493783,-0.31046035193005067,160.53347022258532,3.069200038909912
125,-1.3725395586115616,-1.0980563408810946,1.5042461180162223,160.541,2.5680999755859375
126,1.4646993167639522,-0.8290466744088641,0.35244204243948635,160.53347022258532,3.0278000831604004
127,-1.6471050428517602,0.676969175666504,-0.3376140054909861,160.51088207938048,5.994999885559082
128,-1.891532862342868,-0.4735194673602452,1.5723097940857989,160.4732391373151,4.167900085449219
129,0.9889784518511575,-1.7183140499544745,-1.1368205042928174,160.42054734064607,4.3480000495910645
130,0.7595523545771143,-1.8255967271089582,-1.3570311273268445,160.352815010019,1.7246999740600586
131,-0.9641223190628553,1.5158050723115013,-1.6013670474857784,160.27005284115398,1.277400016784668
132,1.1800976103195464,-1.4564883618913078,-0.7590192847534526,160.17227390315696,1.649399995803833
133,-0.7439424791649244,1.5259560437995323,-1.550875933495057,160.05949363645567,2.0596001148223877
134,0.12421404545677822,-1.714477769171642,-1.0169129523329679,159.93172985036165,5.2708001136779785
135,1.6632941580425709,0.03605554417872338,1.0877616920801854,159.78900272025783,0.6686999797821045
136,0.5331469908674927,1.6812635813784695,-0.4886838736443335,159.63133478441256,2.0025999546051025
137,-0.5294819591808836,1.6518937143477261,-1.4849070815143064,159.45875094042066,5.77400016784668
138,1.6844132174804363,0.3419036196300419,1.4420810174329568,159.27127844127176,5.496200084686279
139,-0.48159728928390383,1.6375812937092387,-1.4291746678893367,159.06894689104675,4.503799915313721
140,-1.6541426187794588,0.681583608314489,-0.22333254577386416,158.85178824024285,1.6567000150680542
141,1.7128638018550877,0.7005988627186637,1.5210645057213723,158.61983678072846,1.2344000339508057
142,0.5523873338551489,1.7284978301652976,-0.37845802329761796,158.37312914032793,2.4200000762939453
143,1.2792405860776406,-1.2952827247415797,-0.40804159207622365,158.11170427703752,4.616499900817871
144,0.6172658516727534,1.6668047111400757,-0.4076691806495444,157.83560347287374,4.4816999435424805
145,1.01296012361988,-1.7167726217076593,-1.1242374999468623,157.54487032735418,5.8155999183654785
146,0.93225679633247,-1.745218247020312,-1.2176985037594958,157.23955075061284,0.7602999806404114
147,0.5096521150129312,1.7438967648568808,-0.493497930073664,156.91969295615027,0.3319999873638153
148,-1.8670229295980103,-0.08147112111622372,1.0649531081416532,156.5853474532201,3.517899990081787
149,-0.6579181045481802,-1.3935747766533368,0.43629646974101466,156.2365670388531,2.2121999263763428
150,-1.3497335748755448,1.062276918942552,-1.0341569697719115,155.87340678951995,5.3649001121521
151,0.3768504100410986,-1.8098357998726262,-1.4231642347215683,155.4959240524338,3.90939998626709
152,0.41273954808565283,-1.8539014784831682,-1.5583559183137512,155.1041784364948,2.422800064086914
153,-0.32730068279138425,-1.6250805597786002,-0.2832610086873696,154.69823180287702,5.903500080108643
154,-1.4206889889511771,-1.0089765745601944,1.5908804788298478,154.27814825525974,6.0131001472473145
155,1.6696606203177655,0.8534950953767886,1.4543599518953136,153.84399412970487,1.157099962234497
156,-1.530357037991517,-0.8875864323945697,1.628811873154828,153.39583798418175,2.8373000621795654
157,-1.4205671593533007,-0.9515926628879844,1.503977722045362,152.93375058774097,4.423600196838379
158,1.220706518221176,-1.0883411597665689,-0.1974814489722286,152.45780490933905,0.6044999957084656
159,-0.19860590723315913,1.7587289177644314,-1.1888696098054183,151.968076106316,5.314199924468994
160,1.587168799843509,-0.12041263257407672,0.9606991069521816,151.4646415125269,1.0615999698638916
161,-1.2430432191746181,-1.0358600259358877,1.431217398095827,150.94758062613013,3.19320011138916
162,-1.6460536405182025,-0.6473522166052021,1.5284850360709914,150.4169750970336,4.2932000160217285
163,-0.04048720624446452,-1.6267542065469975,-0.6347904884752372,149.8729087140013,5.400000095367432
164,1.3695913813754572,-0.8972311476924408,0.06475350250825142,149.3154673914222,5.69980001449585
165,1.7413842775898858,0.7598637820591179,1.556592315349935,148.74473915574316,4.76609992980957
166,1.515975402868698,-0.603199378841157,0.562714634394345,148.16081413156866,3.149899959564209
167,-1.7520711980519086,-0.5236963521777203,1.5421674738788718,147.56378452742916,3.6760001182556152
168,-0.9622754657465753,1.4968332640533613,-1.6209181536239405,146.95374462122004,1.5848000049591064
169,0.47987060081403754,1.662774934244216,-0.45733303263994657,146.33079074531437,5.14169979095459
170,1.5345803970633103,1.0788372577292988,1.3570890533746534,145.6950212713507,2.3361001014709473
171,-0.37450063384590143,1.6356003529885403,-1.4315504930432006,145.04653659469895,5.613699913024902
172,1.2952017752042055,-1.0090882467527926,-0.03274744849026894,144.38543911860708,1.4631999731063843
173,1.1964753521249585,-1.2603916445817513,-0.4052034560532015,143.71183323803027,3.9493000507354736
174,-1.7511452800430747,-0.249259112270262,1.1760295404688126,143.02582532314568,0.4011000096797943
175,0.8174141386403371,-1.6202585827690186,-1.1935466959448138,142.32752370255562,3.025899887084961
176,-1.3551715246483724,0.8987387945273556,-0.9921679229459728,141.61703864618093,3.2274999618530273
177,-1.1700045596204869,-1.0824109368444617,1.3440695526260669,140.8944823478481,1.503499984741211
178,-1.3628506176096515,1.0204706576183054,-1.0585971186154601,140.15996890757293,0.39250001311302185
179,1.616870418171625,0.753872191901029,1.4972715612259195,139.41361431354233,3.653599977493286
180,0.00041684920152196416,1.5389914769136541,-0.934323938564397,138.6555364237987,4.606200218200684
181,0.4519525756595596,-1.7809290443311747,-1.4883826204700097,137.88585494762873,1.5108000040054321
182,-1.656700943595695,0.36053106230722026,0.21576195720532357,137.10469142666005,3.9110000133514404
183,-1.098890563282001,1.1032178991669765,-1.3065557417608689,136.312169215668,0.9023000001907349
184,-0.9147844625025906,-1.1518814325683877,1.1771619430652018,135.50841346309699,4.77370023727417
185,-1.7157991850505467,-0.058549402691061604,0.8829820137535743,134.6935510912978,1.3916000127792358
186,-0.23064403603526512,1.5065171555853503,-1.1944722558855876,133.86771077648504,0.5054000020027161
187,1.4201418601265536,0.9217060987129547,1.3645375572855063,133.03102292841788,4.334400177001953
188,1.544489688120337,0.41279355413929125,1.4151485778559711,132.18361966980686,4.757999897003174
189,1.1464333634463542,-1.1086165563224957,-0.3522863812733543,131.32563481544977,3.252000093460083
190,1.063226473450248,-1.2028190016352878,-0.6395767700457617,130.45720385110124,6.021200180053711
191,1.3012366588591642,1.0564837198547345,1.2058986921908765,129.57846391207778,0.9686999917030334
192,-1.2325489903039633,-0.8476858572381855,1.4529142948577227,128.6895537616023,3.9639999866485596
193,1.4481817623652908,0.03830085325899581,1.0672222145043924,127.7906137688922,3.7204999923706055
194,-0.8703506645031551,-1.033531252314012,1.0227374808971907,126.88178588699323,0.8655999898910522
195,1.4895870969611196,0.6172669076614561,1.4275466019452758,125.96321363036331,0.2985000014305115
196,-1.0288725050912078,1.1131672011866778,-1.3782398531624305,125.03504205221026,5.858399868011475
197,-0.7152401965783539,-1.1362831674422653,0.7581225335822352,124.09741772158596,0.620199978351593
198,-0.8733459683380834,-1.0136640942289175,1.1193023254473882,123.15048870024143,4.832900047302246
199,0.7694801929351365,-1.3744073779645904,-1.2108040741531076,122.1944045192464,3.430500030517578
200,0.7053818271448229,1.2803231858006725,0.1060269049802389,121.2293161553763,4.274899959564209
201,0.5851224400112309,-1.5991008867986607,-1.5031759269749856,120.25537600727141,1.1921000480651855
202,-0.6080396440658056,-1.2080169017845634,0.5295453355829495,119.27273787137139,0.04349999874830246
203,1.2489182822011182,0.9337294241345854,1.2382250465687057,118.28155691762905,2.38319993019104
204,-0.792037533060605,1.106084283087633,-1.4502722550963234,117.28198966500706,4.082300186157227
205,-0.8885357647776936,1.0893511194422225,-1.4554034439098213,116.27419395676199,0.7160999774932861
206,-1.2972044097407365,0.5300134975848877,-0.3763134095147104,115.25832893551893,5.642899990081787
207,-1.428793170334242,-0.3314609916091329,1.1957300333129162,114.23455501814095,3.3966000080108643
208,-1.3834194275567586,0.5225887871262254,-0.33142328101114765,113.20303387039759,1.8716000318527222
209,-0.6689795934484698,1.1780456647928457,-1.5136561684769698,112.16392838143594,4.594799995422363
210,-0.886632934331988,1.0289410797768834,-1.3376256746797561,111.11740263805828,4.711900234222412
211,1.2751730126705716,0.7059964541090994,1.3760830055356401,110.06362189881126,0.6876000165939331
212,1.2320994521456974,0.012248085185533554,0.813486119704198,109.00275256788944,0.967199981212616
213,-0.9584127217266218,0.9429304953847952,-1.2755557681655194,107.93496216885812,5.869800090789795
214,-1.1802169235902737,0.6241082897339678,-0.7792030789553595,106.86041931819952,3.6784000396728516
215,0.5896928562525905,1.2399792248069803,0.13681567796584854,105.77929369868632,2.882699966430664
216,-1.3588752458865823,-0.4570199005979314,1.2699341971986697,104.69175603258655,4.125899791717529
217,1.153042213577957,-0.4535654928891343,0.2163170066672431,103.59797805470488,5.371799945831299
218,0.5556433996832646,-1.377298981629454,-1.393119555091187,102.49813248526354,4.266900062561035
219,0.6708531420136781,-1.3383696652198558,-1.3954309272193897,101.39239300262761,4.265900135040283
220,-1.319903646952261,0.13043068679045813,0.3435157721994163,100.28093421587967,5.101099967956543
221,0.12320466048282219,-1.3260985273134713,-0.6102557142631824,99.1639316372466,5.150199890136719
222,0.756572470672191,-1.3365966438081953,-1.3763395151788502,98.04156165438417,6.012599945068359
223,0.046814981824859665,1.3048299908050354,-0.8419957972511668,96.91400150252366,4.135900020599365
224,0.9074217561594402,-1.0172896285016109,-0.8443066273071195,95.78142923648417,4.15310001373291
225,0.6158809725316807,-1.3644906190188324,-1.4491131340779388,94.64402370255563,4.142300128936768
226,0.27995407501483216,-1.3561975905316104,-0.8882388786860715,93.5019645102571,0.03590000048279762
227,0.675822112851863,-1.3280798922132244,-1.4738703191868177,92.35543200397424,2.065000057220459
228,0.24328392226687218,-1.33433188331658,-0.7716821248643116,91.20460723448079,4.592599868774414
229,1.1919526099262807,-0.09456333994966037,0.5348427988973317,90.04967193034862,5.0524001121521
230,-1.2281078604825946,-0.4758743307094151,1.2476039486450128,88.89080846925071,1.6684999465942383
231,-0.8870170162554766,-0.8089406993641417,1.3674314635099358,87.72819984916156,3.8912999629974365
232,0.2813776287820475,1.2980701659074374,-0.439239773845425,86.56202965945963,2.6586999893188477
233,-1.269672246933554,0.24949051730396815,-0.269794825535805,85.39248205193661,1.7726000547409058
234,-1.2283142061252292,0.16990608679318303,-0.03964715660423765,84.21974171171746,4.55620002746582
235,-0.17205299701405652,1.1318127993653433,-0.9996945578146106,83.0439938280968,2.89490008354187
236,-1.210060803255342,0.39073425834250214,-0.6092615609527341,81.86542406529519,1.9127000570297241
237,-0.1343111578465653,1.1900103134440958,-0.9665094374863389,80.6842185331405,2.246799945831299
238,-1.3782157921896456,-0.10576796216838699,0.6132265359792913,79.50056375767926,0.6226999759674072
239,1.1555444472718328,0.5507215319835481,1.1794264877080862,78.31464665172193,4.917200088500977
240,1.1014058632177963,0.713495410292143,1.3305840894304937,77.12665448532704,4.685699939727783
241,-1.250571498519505,0.28310820219372695,-0.2910632612826589,75.9367748562293,5.384799957275391
242,-0.8747837544042929,0.793564665153269,-1.3805550932174855,74.74519566021583,3.7228000164031982
243,0.4480181592180553,1.2560728401770127,0.42755678326880153,73.55210506145472,1.1878999471664429
244,0.01703500092265011,-1.1868821103717357,0.05536829097475798,72.35769146278236,1.368299961090088
245,0.8036428562723736,-1.026489369585094,-1.3050267809430043,71.16214347595205,3.022200107574463
246,0.9621321921180311,0.9784496680292422,1.3167973258180645,69.9656498918501,1.1055999994277954
247,1.165109140095062,0.35072826784199596,0.8813307632706975,68.76839965068365,5.384399890899658
248,1.075862564539774,0.7879464698549689,1.332331171496417,67.57058181214481,1.7275999784469604
249,-0.06555683238350012,1.1883514734402236,-0.7116461182049613,66.37238552555571,0.6820999979972839
250,-1.1539045380182995,0.2765180637825845,-0.6372798240648178,65.17400000000002,4.352799892425537
251,-1.2935183364587313,-0.16891281044681855,0.6282624800165293,63.97561447444432,1.1993000507354736
252,-0.28147708559438983,1.1665765101375796,-0.9583498622102344,62.77741818785523,0.5914000272750854
253,-0.9132467226012608,0.6349295274413654,-1.3006011135491988,61.57960034931634,1.080299973487854
254,-0.09062695773354082,-1.1235659345932623,0.2918716634874927,60.382350108149936,0.23340000212192535
255,0.054832207575561,-1.1579051315840079,0.06576102267864843,59.18585652404798,1.4706000089645386
256,1.0990463024624517,0.4803369348256,1.0121303856153525,57.99030853721764,1.8514000177383423
257,0.047603118805639166,-1.142569164123583,0.17369889280252257,56.79589493854531,1.03410005569458
258,-0.20541563413924893,1.149746914822826,-0.8637925852972177,55.602804339784214,6.276800155639648
259,-1.0090909793008325,0.6292214248339933,-1.248693795437075,54.41122514377068,1.1857999563217163
260,-0.8114911876577029,-0.9190300689621039,1.373934362919654,53.22134551467304,3.2147998809814453
261,0.3936109470157098,1.189746365173124,0.3911020671614297,52.033353348278155,0.9878000020980835
262,1.0915389033680267,-0.3106424917923936,-0.04097415721349994,50.84743624232074,3.6070001125335693
263,-0.22023317140648788,-1.0895212833327077,0.6814833656770577,49.66378146685955,3.228600025177002
264,1.0595025630168924,-0.7859697141042089,-0.9134209603132332,48.482575934704855,4.7519001960754395
265,-0.6757484657380531,0.8659756174131324,-1.3487647779794225,47.3040061719032,3.9702000617980957
266,0.6821473339721478,1.0330634887624215,1.0269972327807035,46.12825828828257,3.1624999046325684
267,1.064362385252321,0.569528090406185,1.1480321290134408,44.95551794806343,2.915299892425537
268,-1.1602018920916013,0.22229081144313315,-0.5526143207710726,43.78597034054037,4.305699825286865
269,-1.2691581285499123,-0.26265185074482206,0.5576883927088051,42.619800150838486,4.670199871063232
270,-1.2228418552356308,-0.1033447055940209,0.1892873423866837,41.45719153074932,4.740499973297119
271,1.0603020593268737,-0.04892064864844264,0.2642970194496114,40.29832806965142,1.728700041770935
272,0.9951772024909096,0.919902661987669,1.2200130300738867,39.14339276551925,1.503499984741211
273,0.5560606041471566,-1.203992556079333,-1.0440494655947898,37.992567996025784,4.138299942016602
274,1.054749776636342,0.3103104658735914,0.7275011635485554,36.8460354897429,4.702400207519531
275,1.103969758397156,0.1659970669180998,0.5237711415622199,35.703976297444406,5.658999919891357
276,1.066722754552835,0.49817953766468626,0.9528576062004899,34.566570763515855,2.2697999477386475
277,0.44817775521130976,1.143940253054215,0.3664398516760454,33.43399849747633,0.5160999894142151
278,-1.2593001422706227,-0.07284055933548947,0.1555333036402448,32.30643834561586,1.2599999904632568
279,0.9068413449387537,-0.965163144534898,-1.2593494858447172,31.184068362753436,3.5095999240875244
280,0.2400563912448857,-1.1703379791190596,-0.29322359436917483,30.067065784120324,4.396699905395508
281,1.0735954081732448,0.41259515451009915,0.9289995353398666,28.955606997372435,1.215000033378601
282,-0.5261760391832673,0.9335266249683105,-1.2360646199111733,27.849867514736545,0.34470000863075256
283,-0.8341828668772951,0.742667028404954,-1.3514692811706281,26.750021945295117,4.2758002281188965
284,1.111652807280359,-0.4607973440593297,-0.31880443504962047,25.65624396741348,2.382499933242798
285,-1.2050376757076267,-0.3718626940239097,0.9391509784172838,24.568706301313718,5.00029993057251
286,-1.2527891272519565,-0.11306348942043441,0.26159695449433423,23.487580681800473,5.110799789428711
287,-0.9258246060183917,0.5246384024484145,-1.0078251606915907,22.413037831141914,4.472499847412109
288,1.0916238600100887,0.4061051202035641,0.8934571982799485,21.345247432110583,4.916500091552734
289,1.058648727290126,-0.633245441759367,-0.6519200494725096,20.284378101188736,0.12790000438690186
290,1.0517965853727889,-0.6289845075901594,-0.6753536270837405,19.230597361941754,5.643400192260742
291,1.1343462726028446,-0.21726155985946713,0.060342353964285146,18.184071618564097,4.565400123596191
292,0.20247781659489272,-1.1011971406804517,-0.12196686820507195,17.144966129602402,4.554900169372559
293,0.9385314462964695,1.0165911131630787,1.1376845014830872,16.11344498185911,3.2551000118255615
294,0.9901961218892918,0.9542848996527042,1.1166845769266678,15.089671064481102,0.6233000159263611
295,-1.108580948812721,0.30441308266984834,-0.7244424822773146,14.073806043238022,2.181999921798706
296,0.9342009412106862,-0.8930923797431767,-1.1242214403384827,13.066010334992974,1.121000051498413
297,-0.41777034648198524,1.0129434880587074,-1.1394956817503854,12.06644308237098,3.7404000759124756
298,-0.7207352914809191,-0.9331250389816514,1.1820370694885767,11.075262128628616,3.3513998985290527
299,0.9709900750593903,0.9216340667632339,1.1758482051735992,10.092623992728626,1.6088999509811401
300,1.0198569690204604,-0.8114584382852144,-0.8952569557198214,9.118683844623732,5.133299827575684
301,1.115902033665881,0.3514767996047204,0.817612052282188,8.153595480753609,0.3206999897956848
302,0.07633616011396566,-1.1166091209200946,-0.04903629003727249,7.197511299758602,2.6700000762939453
303,-1.0811418963191082,0.3142298496661758,-0.7994913487296271,6.2505822784141145,2.968100070953369
304,-1.0502658169727446,0.4395701862987072,-0.9129397386295319,5.3129579477897835,4.380000114440918
305,-0.850193433166102,0.7425042664161029,-1.307169945767671,4.384786369636721,0.17170000076293945
306,-0.9064123060281702,0.6092845827817865,-1.2000433068374816,3.4662141130068065,0.19169999659061432
307,-0.7213261481220352,-0.9072598775016595,1.2151270647409436,2.557386231107799,3.728100061416626
308,1.1394107008140482,0.32996150342654773,0.823024066443894,1.6584462383977439,1.648300051689148
309,1.0259051330719655,-0.6802991716393193,-0.7663141373463775,0.7695360879222761,0.361299991607666
310,0.5245685085910542,1.1915945259124658,0.4879522564950991,359.89079614889874,1.0022000074386597
311,-1.1877991999340376,0.02051098946521431,0.0557133239566346,359.02236518455027,2.2492001056671143
312,0.8196609368057172,-1.1852150948454838,-1.2992998449864028,358.1643803301932,0.6187000274658203
313,1.0661324378423274,-0.35361479979433846,-0.09061464912425608,357.3169770715821,5.183599948883057
314,-1.053940345752354,-0.5437678484172938,1.2011987717755959,356.480289223515,1.5443999767303467
315,1.0800313034736813,-0.2542143902646389,0.11819108980537701,355.65444890870225,2.539099931716919
316,-0.683149200882347,0.845669797248662,-1.2412516072032902,354.839586536903,2.800299882888794
317,0.8861470744795308,1.077766391446372,1.0355466079856055,354.035830784332,4.451600074768066
318,-0.535928416274496,0.9240792387812222,-1.1866759069589166,353.24330857334,3.781599998474121
319,-0.08277189139375321,-1.0909042249793137,0.20813457461907064,352.4621450523713,3.1705000400543213
320,-0.6541139067207462,-0.9570225096699765,1.079320986440378,351.6924635762013,3.1619999408721924
321,-0.9763559290424703,-0.8097985268949266,1.313396587737325,350.93438568645774,3.213099956512451
322,-1.1273615075737686,-0.499215860123749,1.1613513303112715,350.1880310924271,4.838099956512451
323,1.1827710111440632,0.43114051051386715,0.9633531443161156,349.4535176521519,2.2146999835968018
324,0.01050984995414783,1.252702624066159,-0.6422301967172511,348.7309613538191,5.389999866485596
325,1.0854329204459106,0.5844967124200493,1.0482111526108424,348.0204762974444,4.356900215148926
326,0.31168304702002936,1.2038815238389202,0.08816448521768987,347.32217467685433,4.493000030517578
327,-0.18064680123717167,1.138314096599367,-0.9366918465234301,346.6361667619698,2.0153000354766846
328,0.9566219477683413,1.005139212562838,1.0152841724786328,345.96256088139296,5.222499847412109
329,0.493874950415088,-1.1772384857754843,-0.9392940892223763,345.3014634053011,1.5430999994277954
330,0.05171977892710213,1.2212841595602677,-0.6763722181320465,344.6529787286494,3.637500047683716
331,1.0324285740681491,0.6889903505308046,1.0675835119981991,344.01720925468567,3.1040000915527344
332,-0.09645810260887268,1.1542382278200358,-0.8506243486224354,343.3942553787799,2.1445000171661377
333,1.0111365187162127,-0.8108371969560665,-0.8250287467789154,342.7842154725709,3.197700023651123
334,-1.1737624989057887,-0.45428172857426935,1.0666164199923378,342.18718586843136,0.33709999918937683
335,-1.232051071871515,-0.09088649506068441,0.21468297101541306,341.60326084425685,3.666800022125244
336,-1.127193535986935,0.3577145295065644,-0.5010379623582023,341.0325326085778,2.1696999073028564
337,-1.2483526893876444,-0.06941836588851302,0.30387185050019544,340.4750912859987,2.7720000743865967
338,0.9202144233925866,-0.9603716071681955,-1.0087297614599802,339.93102490296644,2.0434999465942383
339,1.0969344228980338,0.5906105207145994,0.9753693794865603,339.4004193738699,5.901599884033203
340,-1.2015637170618418,0.03523081345077825,0.16973024924653796,338.8833584874731,3.4660000801086426
341,1.0712039848498802,-0.5110344925958529,-0.15773400511273106,338.379923893684,5.944499969482422
342,1.038664471616367,0.7397455741502736,1.1284419231575133,337.890195090661,2.5755999088287354
343,-0.1723283497356845,-1.0803803737603421,0.2915734583714371,337.41424941225904,5.885900020599365
344,0.6699601794737908,1.1511452430761393,0.6004959192948037,336.95216201581826,1.9753999710083008
345,1.1131859490937164,0.3069037382223343,0.8464402413354296,336.50400587029515,3.751699924468994
346,0.009504219578882447,1.2461586479982438,-0.7467960410567352,336.0698517447403,3.374799966812134
347,-1.1960292424136139,-0.22832521486845525,0.6584633276238423,335.64976819712297,4.191699981689453
348,-1.063682967812462,0.44093692267207774,-0.830324693244435,335.2438215635052,1.2825000286102295
349,-0.005794436753367168,1.2136589799254387,-0.6342429922734425,334.8520759475662,3.0288000106811523
350,-1.1156009390814663,0.26539486837852233,-0.43643380522260805,334.47459321048007,3.878999948501587
351,-1.2125936462920155,-0.32242391989867947,0.8441660046885374,334.1114329611469,5.469799995422363
352,-1.1336327543758757,0.2046148404218675,-0.22897716864176526,333.7626525467799,3.949199914932251
353,0.38871062400658574,-1.1811546285872079,-0.8484721885246002,333.4283070438497,4.430200099945068
354,0.7918305035897971,-1.0772170528880785,-1.2419519802037156,333.10844924938715,5.531799793243408
355,0.20095684682391615,-1.1509873953450356,-0.44235210496017985,332.80312967264587,1.777899980545044
356,0.9605047122690901,0.9983529154700295,1.0279045141517786,332.51239652712627,0.2632000148296356
357,1.1311924178413726,0.43851752027263013,0.9885316194402582,332.2362957229625,4.018199920654297
358,1.054020336714386,-0.2885667306193469,0.2769645720786056,331.97487085967214,0.006500000134110451
359,-1.1070682131678167,0.3471412626143053,-0.6147039376522543,331.72816321927155,1.5098999738693237
360,0.8396194995034556,1.1298693127444523,0.7971644232158911,331.49621175975716,6.207600116729736
361,1.082516275363563,0.6905564468274121,1.109133106801367,331.2790531089533,2.40339994430542
362,1.0721619650601226,0.8520692672787196,1.086448004824706,331.07672155872825,3.6182000637054443
363,0.07595919702590513,1.2600644936416754,-0.7228830115965581,330.88924905957936,3.0165998935699463
364,0.9331560938193174,-0.9316890558807439,-0.8482222746079139,330.71666521558745,6.2093000411987305
365,-0.43453673405601245,-0.9455706007414996,0.7798115738032159,330.5589972797422,5.604100227355957
366,-1.2231859709488295,-0.2939371206621751,0.8288751081412411,330.41627014963836,1.7870999574661255
367,0.9237399422017954,-0.9878961012015696,-1.0294941645929871,330.28850636354434,0.16459999978542328
368,0.7652909914184008,1.0814032703280745,0.6882810449873644,330.17572609684305,5.1691999435424805
369,0.6439326284161084,-1.232772135229321,-1.2658563898007622,330.07794715884603,3.924299955368042
370,0.07992887161686711,1.2323745361264102,-0.6321352273127346,329.995184989981,1.0788999795913696
371,1.1228811110435755,-0.15859533491744496,0.42336855185486905,329.92745265935395,1.6359000205993652
372,1.041996497658788,-0.5617914328455006,-0.2717443294443281,329.8747608626849,5.138500213623047
373,0.6032950751575522,-1.1749920000153011,-1.2421971756452865,329.83711792061956,5.420400142669678
374,-0.6978659876736643,0.8088502503821074,-1.1242383095723352,329.8145297774147,6.185699939727783
375,1.1177321821456647,0.1925015729183664,0.748131294412939,329.807,5.171599864959717
376,0.5264903515376818,-1.2025182953843057,-1.1980784075041542,329.8145297774147,2.218600034713745
377,0.9934835629209435,-0.5629704302577938,-0.2205368181556207,329.83711792061956,1.7222000360488892
378,-0.8858993489526986,-0.88589839912349,1.2106282482011053,329.8747608626849,4.663700103759766
379,-0.32575320233863964,-1.0144325133319425,0.5470956436755483,329.9274526593539,4.917600154876709
380,-0.813820202301096,0.8215866725670126,-1.1371618668904169,329.995184989981,3.456899881362915
381,1.0177078832402413,-0.7200502405778517,-0.5133606770760284,330.07794715884603,4.548299789428711
382,1.0963963236257994,-0.09694761603982367,0.4256189840178376,330.17572609684305,4.471099853515625
383,-0.6025909330796319,-0.9594943767486591,0.9426561551169371,330.28850636354434,6.167399883270264
384,1.1185019959963098,0.25846386732168203,0.8743508958391241,330.41627014963836,0.6176999807357788
385,1.1710804325842576,0.23974210871730697,0.8764389942039044,330.5589972797422,1.2609000205993652
386,-1.2126546756570058,-0.41567922699991944,1.0490801386551494,330.71666521558745,5.591100215911865
387,-0.9194670542520954,0.7170370299455093,-1.1074522321935658,330.88924905957936,1.423699975013733
388,0.5701405108751127,-1.2783867463798597,-1.1800667291573155,331.07672155872825,5.258500099182129
389,1.0465079459753184,-0.3486354096601393,0.14896943887082184,331.2790531089533,0.6830000281333923
390,-0.4984937687786267,0.989238177941204,-1.073766332847119,331.49621175975716,4.815999984741211
391,-0.8117976833199555,0.781047734175349,-1.1254664408504593,331.72816321927155,2.292099952697754
392,-0.16893245660038628,1.174706296760352,-0.9506899406799157,331.9748708596721,0.18400000035762787
393,0.8995209225349297,1.0252809216192778,0.8674425372173761,332.2362957229625,2.022200107574463
394,0.06597869303086844,1.1950023772428442,-0.6349123587499369,332.51239652712627,3.3738999366760254
395,-0.4580527504016415,1.0034588996859533,-1.1477160285668713,332.8031296726458,6.181600093841553
396,0.25630122697059077,1.2080300275157483,-0.13338625160129639,333.10844924938715,0.349700003862381
397,-0.38111427924946345,1.1116417818332591,-1.068182560084722,333.4283070438497,5.6118998527526855
398,1.0231104922901892,0.9772085383690181,1.122389210199961,333.7626525467799,4.340400218963623
399,1.1212253804832053,-0.07201984760659708,0.5247187515907298,334.1114329611469,2.8777999877929688
400,-0.30995622718515364,1.0525698264536267,-0.997443744249002,334.47459321048007,2.637500047683716
401,0.6892557396683066,-1.172038834508689,-1.3004415907454345,334.8520759475662,2.5601000785827637
402,-0.5036329415498104,0.9473461356019032,-1.0609620746440716,335.2438215635052,5.9868998527526855
403,0.3137344442592227,-1.1318761192846423,-0.5944106887564812,335.64976819712297,3.1519999504089355
404,-0.8375976237164439,-0.9111764855534167,1.1831306659805156,336.0698517447403,4.190999984741211
405,-0.3024719887916455,-1.0452153472768357,0.5826138855906813,336.50400587029515,2.8238000869750977
406,0.2603548486288185,-1.1762585617587367,-0.6244352780587848,336.9521620158182,0.2619999945163727
407,-1.1949705382887355,-0.158503899684834,0.41529992048705733,337.4142494122591,6.172299861907959
408,-0.6353982441755142,-1.0048575904408652,1.0306592640263252,337.89019509066094,5.395500183105469
409,0.37117068839916567,-1.1367765032562676,-0.7670503973279066,338.379923893684,5.378499984741211
410,1.109130736882643,0.47644035669272683,0.9649197770011552,338.8833584874731,5.1234002113342285
411,-0.32342151851675227,1.0487986264467652,-1.000269281146822,339.4004193738699,1.142199993133545
412,0.7136569609926937,-1.1246400262542549,-1.2619556633931845,339.9310249029664,0.8827999830245972
413,-0.36593390228870815,-0.992448147735374,0.7224245359655399,340.4750912859987,2.8452000617980957
414,0.4048284306446049,-1.234416638767186,-0.8282415380423909,341.0325326085778,6.004300117492676
415,1.1134907611369407,-0.03981018596170101,0.5432672399973528,341.60326084425685,1.8187999725341797
416,0.9242538398435188,-0.9954327076559407,-1.1606705325073783,342.18718586843136,6.088500022888184
417,1.0547207826775178,0.6944112728758549,1.07249560586196,342.78421547257085,5.631100177764893
418,-0.8462487731812628,0.7488612273161994,-1.157583982225013,343.39425537878,0.9236000180244446
419,1.0498053980612325,0.840059323147398,1.227018409299241,344.0172092546856,1.301300048828125
420,-0.7816588230250449,0.7914075287789323,-1.228434517352742,344.6529787286494,0.7856000065803528
421,0.00990769620771517,1.2325472314326038,-0.6229614818748503,345.30146340530104,4.700799942016602
422,0.736335075076829,1.1262243017627076,0.7394978245364892,345.96256088139296,2.0264999866485596
423,1.0885347298506534,0.6618281963236134,1.070834560930171,346.6361667619698,0.3255999982357025
424,-1.19321396235958,-0.05276504830980531,-0.004618936480881534,347.3221746768543,4.272500038146973
425,1.1187987556936343,0.0181557701038283,0.530264417218728,348.02047629744436,3.884999990463257
426,0.6403562180877609,-1.2056993827481222,-1.1702203025815818,348.7309613538191,5.070199966430664
427,1.113292772736739,0.5643236026807115,1.0231561933180198,349.4535176521519,3.64739990234375
428,0.27275783551991456,1.2144376876079375,-0.0763281993121979,350.1880310924271,4.259500026702881
429,-0.7422659026520804,0.7460619092132669,-1.2777290770950265,350.9343856864577,6.021399974822998
430,-0.3757587297814847,1.0547863816572236,-1.1069040806960133,351.69246357620125,0.24150000512599945
431,-1.0422329316221493,0.3630521906040786,-0.718024643977346,352.4621450523713,1.8559999465942383
432,-0.4131270123475726,1.007261983660814,-1.1568874952741557,353.24330857333996,4.951499938964844
433,-0.11948408051069931,1.193622634813208,-0.7288904810117398,354.035830784332,4.795100212097168
434,-0.0676239391423568,1.1754516989099217,-0.7037380541429391,354.839586536903,0.3312999904155731
435,1.1512581615159452,-0.00026019219636670324,0.48261544026312503,355.65444890870225,5.603300094604492
436,0.017075846571897146,1.1993888044012357,-0.6019102061848142,356.48028922351494,5.722899913787842
437,-0.7839097450950153,-0.8811214134683194,1.1971148120353126,357.3169770715821,0.2329999953508377
438,0.9418268092480392,-0.8001658278766501,-0.8423628939497234,358.1643803301932,4.083099842071533
439,-0.9624016091436105,0.612733145613909,-1.1332401350268857,359.0223651845502,4.091800212860107
440,-0.882495651812281,-0.753272722980606,1.3011819008755294,359.8907961488988,1.4703999757766724
441,-0.6589647665526508,-0.9906712832136686,1.137053480991168,0.7695360879222477,2.7720999717712402
442,0.6474966657085213,-1.1852271827634477,-1.1199506300432034,1.6584462383977154,3.4291999340057373
443,-0.895224739202949,-0.7610213356750535,1.296329039592376,2.557386231107799,5.283899784088135
444,1.0237370713288025,-0.6121800643290386,-0.5991021339824759,3.4662141130068065,4.61899995803833
445,0.841370775769724,-1.0589116526663498,-1.2298701842698243,4.384786369636657,4.963200092315674
446,-1.269825505305039,-0.2118836581458261,0.5688461642036121,5.312957947789791,5.10260009765625
447,-1.1830776354839365,0.060747192147026285,-0.07804072787092461,6.250582278414051,1.0354000329971313
448,-1.0981804160193303,0.26614413953935573,-0.597516154626694,7.197511299758538,4.760499954223633
449,-1.1260701991302793,0.18607335617735876,-0.3334755582323066,8.153595480753651,4.770899772644043
450,0.23869726136965105,1.1717140877301875,-0.007786038340335545,9.118683844623696,1.4950000047683716
451,-0.46853246249279634,-0.9436614595831359,1.0084542360889637,10.092623992728598,0.7408000230789185
452,-0.08350058563445407,-1.0855046986433008,0.41103524462307955,11.075262128628616,0.11680000275373459
453,-0.901851945846516,-0.7737661987153862,1.2845131836901726,12.06644308237098,4.623899936676025
454,-1.134806552993498,-0.489007281939191,1.083076789414496,13.06601033499291,2.8338000774383545
455,-0.4661539883832417,0.9587800163047292,-1.1888677209108882,14.073806043238065,1.5312999486923218
456,-0.34874068692601734,1.078744268861669,-1.010025391253265,15.089671064481074,2.9626998901367188
457,0.8204168115330976,-1.1380875051662773,-1.3861903100428101,16.113444981859047,5.665599822998047
458,-1.1650250836917904,-0.2765694744491106,0.6651560233217385,17.14496612960238,2.11680006980896
459,-1.025209989241739,0.47869149978176423,-1.073977531898722,18.18407161856407,0.09679999947547913
460,-1.0060197916671108,0.5405356494076591,-1.1496413585065925,19.23059736194172,1.9263999462127686
461,0.662098259425947,-1.1806020238890076,-1.260868167830308,20.284378101188736,0.8152999877929688
462,1.104464142318579,-0.5775052232360958,-0.6014416359440964,21.34524743211059,5.02839994430542
463,-0.3116896867159808,1.0602045988709423,-1.0263834454803105,22.41303783114185,0.12460000067949295
464,-0.9167946586017359,0.6783712321454456,-1.2799404052242156,23.487580681800523,6.022600173950195
465,0.02549716252356332,1.1648133175436473,-0.4686402950065331,24.56870630131369,4.410699844360352
466,0.843658144440993,-1.0240027649126224,-1.3234205674826218,25.656243967413452,1.0092999935150146
467,0.1231855239871552,1.2288510068512286,-0.2938246405511858,26.750021945295117,1.200600028038025
468,0.5684789840864952,-1.1443604545009485,-0.9619989024514147,27.849867514736516,5.742199897766113
469,1.0727116634946943,-0.548102187720839,-0.39856586124495025,28.95560699737232,4.5954999923706055
470,1.0739360189523586,0.5379631669250425,1.0551020640001045,30.06706578412033,4.6890997886657715
471,-0.7949723433095119,-0.8682962879443347,1.2972620398448946,31.18406836275345,2.667799949645996
472,0.9467734030294106,-0.8802792260761171,-1.1738766975640957,32.30643834561579,5.33459997177124
473,1.0806084116603345,0.014168150558239957,0.31394258264265473,33.43399849747638,1.4668999910354614
474,0.48352415927156905,-1.1540244279631622,-0.8857025094662526,34.56657076351583,2.5857999324798584
475,-0.9104285400690302,0.7535961230637978,-1.3222703187841005,35.70397629744438,3.5552000999450684
476,-0.41738165468004784,-1.0188526561091666,1.0951422398599557,36.8460354897429,2.6545000076293945
477,1.1136806945021211,0.05332623575316827,0.3622846693377369,37.992567996025784,1.9714000225067139
478,-1.0168265595171286,-0.7001935772350192,1.3504274700261245,39.14339276551918,2.3859000205993652
479,0.23475980852767944,-1.1796310280451967,-0.21495806239385448,40.29832806965142,0.24809999763965607
480,-0.3751343996030876,1.057691039120489,-1.152925127919312,41.45719153074924,2.0655999183654785
481,-1.0116449927576665,-0.6580471049973731,1.3115088304748312,42.61980015083841,3.414599895477295
482,0.6228128951525165,-1.184716119576829,-1.1393772984567425,43.785970340540416,4.469399929046631
483,0.766293735541435,1.06225542461188,1.0321477675725457,44.955517948063395,2.4249000549316406
484,-0.285981286371955,1.0278694999461357,-1.125236747433822,46.12825828828254,0.8661999702453613
485,-1.113579826615908,-0.42324294755972536,1.1014643843985001,47.3040061719032,0.22689999639987946
486,0.947119453643438,1.0051259784854318,1.2591231378084924,48.482575934704855,1.9074000120162964
487,1.049643842919254,-0.6825192546098938,-0.8119226366157365,49.663781466859476,3.4351999759674072
488,0.6446991460572161,-1.1984267047665433,-1.3006808907730338,50.847436242320796,2.573199987411499
489,-0.522061899412882,-0.9557674628187655,1.0489168162062636,52.03335334827808,2.775099992752075
490,1.138539743163289,-0.07056614995695816,0.3246284073795167,53.22134551467296,3.4932000637054443
491,-1.0892742655254748,-0.5513003976963928,1.1589741897854164,54.411225143770736,2.0004000663757324
492,-0.9917894808580503,0.6308956704278341,-1.1957412378012364,55.60280433978418,4.406599998474121
493,0.5578061271287014,1.1095583715278725,0.7515640223304836,56.795894938545274,0.5960999727249146
494,-0.07513795647678323,-1.1451900657359715,0.45484439391581766,57.99030853721764,3.1512999534606934
495,1.1100525702644377,-0.6132275386127232,-0.5501136137651526,59.18585652404799,3.467600107192993
496,-1.0751995632829852,0.5244382571514756,-1.0570390976091155,60.38235010814986,2.1240999698638916
497,-0.8464716425562314,0.7325414533537226,-1.3629852072268684,61.579600349316394,4.411300182342529
498,-1.1509938187016893,0.3604101361453177,-0.6310624023902214,62.7774181878552,1.1023999452590942
499,-0.9097597998914384,0.7128965733674341,-1.3902454533794524,63.975614474444285,1.3206000328063965
500,-1.2472471241483596,0.030555876127693345,0.056263985462828715,65.17399999999998,5.996399879455566
501,-1.14958226443788,-0.3706633710957182,1.1151462170141355,66.37238552555569,1.2585999965667725
502,0.0994933563390072,1.2738324469261,-0.4356750809775914,67.57058181214477,3.933199882507324
503,-0.03880287853718537,-1.167219553643432,0.20898542760826436,68.76839965068366,4.515999794006348
504,0.20355713277378357,1.2591443210145432,-0.20695457615445334,69.9656498918501,3.9681999683380127
505,0.9691416999922629,0.9812616192871395,1.2629893248525927,71.16214347595198,6.131100177764893
506,-0.928701741869572,0.7019531819319639,-1.2919901139680658,72.3576914627824,1.7555999755859375
507,0.8353899056130195,-1.1715166812392785,-1.3601688838932606,73.5521050614547,5.143199920654297
508,0.742162248228798,-1.2626842065868915,-1.4399830122340196,74.74519566021578,2.544100046157837
509,1.0866945033632687,0.781574829641181,1.386402316185358,75.93677485622932,1.2487000226974487
510,-0.5862411546409757,0.9574649385023691,-1.4082404518240526,77.12665448532701,1.256600022315979
511,1.1523991322322589,0.710304098764477,1.3109720369115823,78.3146466517218,1.1725000143051147
512,0.5402825629184372,-1.2945273249113787,-1.2427057306700673,79.50056375767926,2.7325000762939453
513,-1.2516606775528092,0.2816529650872615,-0.37037320591697453,80.6842185331405,2.6598000526428223
514,0.34072267953776547,1.3090954555105208,-0.008718551148115707,81.8654240652951,3.9755001068115234
515,0.5103273618662039,-1.2524282574183783,-1.2320097298671304,83.04399382809686,0.02710000053048134
516,0.8217461144341152,1.1089920424885764,0.995914389241848,84.21974171171743,4.249499797821045
517,0.4592848421596085,-1.2613339615186996,-1.07226705603174,85.39248205193657,2.163800001144409
518,0.9381453744119432,0.9443347399760109,1.1732263942306973,86.56202965945963,2.805799961090088
519,-0.6881455068325479,0.910993642186622,-1.4502612722109443,87.72819984916156,0.2727000117301941
520,1.0513963403986355,-0.7549848960153481,-0.4362362000438796,88.89080846925064,1.3006000518798828
521,-1.1278618504892357,0.5520924433958329,-0.7846557733894863,90.04967193034862,4.701200008392334
522,0.876245761859228,1.0781876115060944,0.9181164424567274,91.2046072344807,0.6004999876022339
523,0.27874766422309777,-1.2936247673292245,-0.8453300893056476,92.35543200397417,1.4141000509262085
524,-1.3667334345514408,-0.024389897899905706,0.6470490845800398,93.50196451025715,1.9767999649047852
525,0.6578720600125052,1.2271529219382904,0.3425194165650814,94.6440237025556,1.5372999906539917
526,1.019341894748734,0.9362096865055543,1.2802142558251366,95.78142923648414,5.645500183105469
527,-1.3706651008478283,0.13680386296187722,0.26658096234882794,96.91400150252367,5.135799884796143
528,0.9533700991126901,1.069064240193492,1.0823239464422112,98.04156165438418,2.512399911880493
529,1.2579482693322392,0.6303227684959426,1.3556589138882031,99.16393163724652,1.6475000381469727
530,-1.4124622064549495,-0.23991569497368567,1.0442326081559947,100.28093421587971,3.697999954223633
531,-1.1561947405165518,-0.7115177809200104,1.3364579712653664,101.39239300262756,0.8345000147819519
532,-1.342958271323711,0.25583974443423063,0.014520000050762448,102.49813248526345,5.700799942016602
533,0.8838538210145336,-1.306533337073865,-1.185917783418868,103.59797805470485,4.486000061035156
534,0.8700673185990365,-1.1837316589242826,-1.0137346593846184,104.69175603258651,4.433300018310547
535,-1.1880277836324737,0.5669809286177885,-0.5947680077300475,105.77929369868627,1.7553999423980713
536,0.9559138201709445,-1.0298549964133876,-0.7167564678889999,106.86041931819953,0.8532000184059143
537,-1.5159262096372472,0.07356501598566313,0.5775933176194217,107.93496216885812,5.424300193786621
538,-0.6228845490134166,-1.090656195626682,0.8137587393412596,109.00275256788939,2.608599901199341
539,0.47421019302266615,-1.5013941014341852,-1.436831979213909,110.0636218988113,2.606300115585327
540,0.21385308997396357,-1.5150465806503985,-1.1436294776559484,111.11740263805825,0.8016999959945679
541,1.3552271185343987,0.14905839033519055,1.129167207105475,112.16392838143591,2.8231000900268555
542,1.1071515464390707,-0.9734407208456272,-0.41451627468303986,113.2030338703976,1.0462000370025635
543,0.23501426920211604,-1.4458286867633987,-1.1217957924642397,114.23455501814092,5.990900039672852
544,0.5462665338088326,-1.5039243984421953,-1.4283359438769712,115.2583289355189,2.1891000270843506
545,0.6605367105465929,-1.4619492925333453,-1.4313783489919492,116.27419395676199,1.8902000188827515
546,1.1435556006258771,0.9925584988077237,1.2000283316082385,117.28198966500706,1.329300045967102
547,0.4713727366481072,1.4066041519903563,-0.25332687002053,118.28155691762899,1.7175999879837036
548,0.42760113753805584,1.4272369026648528,-0.3490133325539146,119.27273787137143,1.645799994468689
549,-0.44727535299375654,1.3735275064965304,-1.338265290731435,120.25537600727137,4.9807000160217285
550,-0.7343058763961606,-1.1533193957856955,0.8313550039799222,121.22931615537627,4.0543999671936035
551,-1.52291778763838,-0.08163683349814536,0.9087115971003024,122.1944045192464,4.093500137329102
552,1.0540060314331552,-1.2078760291476363,-0.6849418272736595,123.15048870024144,0.5070000290870667
553,-1.3239160683177407,-0.772757334674253,1.5779184925789425,124.09741772158586,4.254300117492676
554,-0.9344995445977187,1.2286002300482708,-1.4455203345801078,125.03504205221026,0.4945000112056732
555,-0.8059938380870043,-1.1117156046761079,0.9939502636618344,125.96321363036331,1.4185999631881714
556,0.49472808573418187,1.5111218995231384,-0.36332874706436646,126.88178588699316,1.5276999473571777
557,-1.3518202869591438,-0.7546990922609775,1.4970970916231736,127.79061376889223,3.0053000450134277
558,-0.381265752246977,-1.3265441098955402,0.11922164402112713,128.68955376160227,0.6554999947547913
559,1.0171398426980118,1.2538907985333871,0.656807757668576,129.57846391207772,2.224299907684326
560,-1.4391775036572254,-0.5740750056388797,1.4934910732206543,130.45720385110127,0.04270000010728836
561,-1.578265405257118,-0.47145478506620087,1.3903191812098754,131.32563481544977,6.235799789428711
562,-1.542906863212831,0.541808639173635,-0.18281437762489633,132.1836196698068,2.3557000160217285
563,0.6933257475726474,1.5106401312735545,-0.08005489293066768,133.03102292841794,6.232100009918213
564,0.6963970227494609,1.4783284745203058,0.03165873043120851,133.86771077648498,1.2336000204086304
565,1.0451870556942957,-1.3912104464540074,-0.7017402179660006,134.69355109129773,2.1547000408172607
566,-1.2248699263389176,0.9943026309125114,-1.193599767302746,135.508413463097,5.5817999839782715
567,-1.7264512883576286,-0.04422464738340187,0.852726427135604,136.31216921566798,0.34150001406669617
568,0.7146338349413719,-1.6772246413654257,-1.3438402485820187,137.10469142666,5.025100231170654
569,-0.2986108484543486,-1.527444123849569,-0.14833396803101123,137.88585494762876,1.1377999782562256
570,0.4066511883642415,-1.8528704908658293,-1.5092565013410406,138.6555364237987,4.887899875640869
571,-1.5218145955443556,0.7317207436512784,-0.536900420071137,139.4136143135423,5.348700046539307
572,-1.747081788533849,0.224295823445158,0.4376880388309292,140.15996890757296,4.444900035858154
573,-0.9893879500810767,1.3054426071365368,-1.5765579898490323,140.8944823478481,1.2062000036239624
574,1.6516357893116485,0.664644765418335,1.4651519186820467,141.61703864618087,5.913899898529053
575,1.6299786873259405,0.5180912318826225,1.4696227990682742,142.3275237025556,5.065000057220459
576,-1.1150127609304934,1.2506631503006098,-1.459522223595934,143.02582532314568,3.7111001014709473
577,0.9429481547948155,1.397776221552187,0.5111102445907832,143.71183323803024,2.7985999584198
578,-1.812509556557096,-0.23742539032956206,1.2415256836888178,144.38543911860708,5.7769999504089355
579,-0.7536000449116638,1.516113847262563,-1.7086858306771004,145.04653659469895,5.2164998054504395
580,1.743538544468854,0.48601234244651614,1.46542519204085,145.69502127135064,3.4885001182556152
581,-0.6386049802474106,-1.3444983402196247,0.5577330727517307,146.3307907453144,3.9228999614715576
582,-0.09983915224795305,-1.5756962264462742,-0.5734512139553536,146.95374462122004,2.023200035095215
583,-1.695129140757136,-0.42132164913784254,1.4333977534961033,147.5637845274291,2.3234000205993652
584,-1.629859459271897,0.557295712152437,-0.018785474392609632,148.16081413156866,0.019099999219179153
585,1.5786793634808463,-0.4642379106045663,0.685143498514113,148.74473915574316,6.192800045013428
586,1.1463493678797594,1.2960515520715,0.8032780932271627,149.31546739142215,0.4097999930381775
587,-1.8527298999122102,0.15198939745238335,0.7016181988613673,149.8729087140013,0.147599995136261
588,-1.3077489315005575,1.1792908424390016,-1.2718582035671773,150.4169750970336,3.442199945449829
589,-1.3566298649397641,-1.0823922989247694,1.4524100398709177,150.9475806261301,5.766300201416016
590,-0.4678479868790131,1.6268934943084212,-1.3444409026252995,151.4646415125269,3.084399938583374
591,-1.8313201258938279,-0.1730766882277087,1.269709898656261,151.96807610631598,5.093900203704834
592,1.6296468316388646,0.8337997035763158,1.473983258802814,152.45780490933905,5.091899871826172
593,-0.5388661491229635,1.6582602660625931,-1.539784721719097,152.93375058774097,3.3973000049591064
594,1.4726152625519648,1.1477665985900691,1.2158165903134488,153.39583798418175,1.7639000415802002
595,-1.73712699150655,-0.5592052648792848,1.5750307722454553,153.84399412970487,4.298799991607666
596,-1.0337837367090235,1.4091106294186295,-1.6620489579383995,154.27814825525974,2.639899969100952
597,-1.7538572039568567,-0.40971770108222183,1.5633703884577632,154.698231802877,4.59630012512207
598,-0.5944604417564118,-1.5121520637882597,0.31233286501865076,155.1041784364948,4.55019998550415
599,-1.8937879786313054,0.192960000138351,0.6496503723269925,155.4959240524338,3.6763999462127686
600,1.1400830296092517,1.3120819572910383,0.6097536904745526,155.87340678951992,5.613800048828125
601,-0.8548816879196565,-1.277632063079025,0.7524404763165259,156.2365670388531,3.137700080871582
602,0.5036478887901863,-1.9756811044578528,-1.5722288875536332,156.5853474532201,1.0805000066757202
603,0.13205952561349618,-1.8259018513139127,-1.0463630105144937,156.91969295615027,0.4693000018596649
604,0.0045139663677298825,1.7097781803065213,-1.0988160322338607,157.2395507506128,4.394700050354004
605,-1.1348421234928705,-1.151802432683978,1.1308961883238837,157.54487032735418,2.6401000022888184
606,-1.7040773872002766,0.7448549551150727,-0.5795164475051893,157.8356034728737,3.5046000480651855
607,-1.9611690705059697,-0.08347742406612407,1.1252537931676205,158.11170427703752,2.4123001098632812
608,1.7058916266173259,0.577401009228472,1.528637730693857,158.3731291403279,2.108099937438965
609,-0.39929115843344765,1.6426404938777064,-1.3315231459201906,158.61983678072846,3.737600088119507
610,-1.1624833045847398,1.3677358814199958,-1.461871424567271,158.85178824024285,1.3968000411987305
611,1.7108223813520915,0.9482249006554174,1.455407114129797,159.06894689104672,3.7527999877929688
612,1.7386410172705389,0.7285463726740137,1.4788702386331793,159.27127844127176,5.684299945831299
613,-1.6669923985288162,0.5834264606532413,-0.16487171489363467,159.45875094042066,4.595900058746338
614,0.8787254892691614,1.5281982966682406,0.12048175792490762,159.63133478441256,5.8933000564575195
615,1.3606537524156146,-1.0712105940161365,-0.15229676039051362,159.78900272025783,5.305099964141846
616,0.41907948077928237,1.7863987402125259,-0.6346756222532588,159.93172985036165,3.3524999618530273
617,1.5541528350379739,-0.5945379904373789,0.5975188147557539,160.05949363645567,6.208799839019775
618,-0.7086630920607156,-1.42504790353161,0.47379087224715105,160.17227390315696,1.1812000274658203
619,0.32768863210500976,-1.8818800351151683,-1.4017285562402528,160.27005284115398,0.09920000284910202
620,-0.45685157584466096,-1.6096053781433857,-0.011011461296552784,160.352815010019,4.104300022125244
621,0.45073307182395467,1.7943954143366894,-0.5571099192232178,160.42054734064607,0.75
622,-1.4408179035036424,-1.0137861686228586,1.5560790434108938,160.4732391373151,5.074100017547607
623,-0.34328892239896713,1.761655120001054,-1.3734117022345784,160.51088207938048,3.2718000411987305
624,-1.0221874281359755,1.4465472728527817,-1.6315665693088015,160.53347022258532,4.479599952697754
625,1.7932574567052155,0.5295251001484625,1.4484663664531556,160.541,4.5991997718811035
626,1.5200437417867991,-0.813602888133991,0.4950015764710036,160.53347022258532,6.228700160980225
627,-1.0940577177632886,1.4628109904089737,-1.5274884002736953,160.51088207938048,0.9132999777793884
628,1.769471832103622,0.40211677234813187,1.4073589708673515,160.4732391373151,0.6225000023841858
629,-1.2146042112058626,-1.1465975917554714,1.2513865393149246,160.42054734064607,5.08620023727417
630,-0.5593204739084554,1.7151954026115268,-1.5472306221182688,160.352815010019,3.6098999977111816
631,-1.3338704618853408,1.1575469474067364,-1.1763115686002137,160.27005284115398,5.433700084686279
632,0.7489841136706911,-1.901941697889231,-1.461366370511299,160.17227390315693,4.671599864959717
633,-1.7686016849339412,-0.4607250293996643,1.5666317040248283,160.05949363645567,0.6743999719619751
634,-1.8332298664492637,0.3357591105839618,0.4896078376320369,159.93172985036165,3.1136999130249023
635,-1.8690975361663693,0.1672458763897649,0.551057574974393,159.78900272025783,4.051400184631348
636,0.5726726845456155,-1.9368090859131368,-1.5057355082594548,159.63133478441256,0.6764000058174133
637,-1.8955294037275578,-0.01772515032542255,0.8825924790646853,159.45875094042066,5.82480001449585
638,0.5601222410875467,-1.9492024204801883,-1.522388913642297,159.27127844127176,5.300099849700928
639,-0.6736683842745991,-1.3467567720766187,0.5924570441311687,159.06894689104675,0.5152000188827515
640,1.733219388378744,0.8223505965906468,1.5089570307409974,158.85178824024285,2.271199941635132
641,0.4988423479814018,-1.9332186629668588,-1.6632328005587427,158.6198367807285,0.6420000195503235
642,-1.8488217578735961,0.17293973397051074,0.6008594393163817,158.37312914032793,5.085999965667725
643,1.493991052062569,1.1945246922566457,1.2138358760862398,158.11170427703752,2.6939001083374023
644,-0.48795292451212163,-1.5743510714220672,0.018090130754095095,157.83560347287374,3.1819000244140625
645,-1.7888831995027523,-0.4694971788431598,1.5828863253721777,157.54487032735418,3.4820001125335693
646,0.14345196017311224,-1.8193756874475395,-1.1204728559567607,157.23955075061286,5.460899829864502
647,1.1270629399482526,-1.435521444996623,-0.649356653012922,156.91969295615024,5.882299900054932
648,-0.07797085733747408,-1.7294335281861175,-0.6894221309599806,156.5853474532201,3.386399984359741
649,0.2591157920855431,1.7787166199597735,-0.7171363916612652,156.23656703885308,3.47379994392395
650,-1.868466593238326,0.03793869320080149,0.9681837469031074,155.87340678951995,3.0541999340057373
651,1.726645059715649,0.4168919590980426,1.495199295918333,155.49592405243382,0.15109999477863312
652,-1.0579597004474888,1.4235604727142286,-1.5999307872076858,155.1041784364948,1.9627000093460083
653,0.9324239228278446,-1.7504086818653153,-1.2621119419532167,154.698231802877,0.4341999888420105
654,-0.9593299083699317,1.4568609676390314,-1.6270453018584576,154.27814825525974,0.7742999792098999
655,-0.21191423506009022,-1.6141987132254927,-0.46162424151775727,153.84399412970492,5.84119987487793
656,0.5077664464548515,1.7233552506844068,-0.5296962763342712,153.3958379841818,1.8909000158309937
657,1.2440188490205242,-1.1077804756451588,-0.16607072410489715,152.93375058774097,5.206399917602539
658,-1.551246593623248,0.9095899231115935,-0.8148034823810179,152.45780490933902,5.904900074005127
659,-1.7218626386854874,0.4564822890075962,0.11621009382733416,151.968076106316,6.093299865722656
660,0.5823760853599952,-1.8625938657186176,-1.5669200521864506,151.46464151252695,1.5134999752044678
661,1.0232562063704322,-1.5946163284789685,-1.0157516531121336,150.9475806261301,0.9954000115394592
662,-1.1943656867933294,-1.1434530314324636,1.3726067472189067,150.41697509703363,2.3236000537872314
663,1.6482541291719865,-0.05930594957650348,1.0448169139019408,149.87290871400137,2.9725000858306885
664,-1.0605921680379906,1.353567178118187,-1.5902402297807672,149.31546739142215,2.1691999435424805
665,1.4159552131961561,1.1126841977853033,1.3166649440836742,148.74473915574313,2.0195000171661377
666,1.5370770582645918,1.0537416179839223,1.340674382982548,148.16081413156869,2.9286000728607178
667,1.6742525963416,0.45041030516442904,1.3886617848931608,147.5637845274292,4.425600051879883
668,1.6393842940490462,0.8614815015150188,1.4433523367836258,146.95374462122004,6.047299861907959
669,-1.8240132332234247,-0.07187788090979595,1.0705335116642654,146.33079074531446,1.7039999961853027
670,0.22346569032218597,-1.7945054576215735,-1.2968019429541078,145.6950212713507,4.289299964904785
671,-1.6633276505093306,0.6208425821180462,-0.16936596857201705,145.04653659469898,3.198899984359741
672,-1.323870518519599,-1.0459700894275916,1.5077026480199645,144.38543911860705,4.437099933624268
673,1.1187899638598684,1.289164513703011,0.7955210605387165,143.7118332380303,4.825399875640869
674,1.477386112431856,-0.23606534687143396,0.7507007975595075,143.02582532314577,2.5085999965667725
675,-1.4436142719075657,-0.8580325831394019,1.5551464248962303,142.32752370255565,3.585200071334839
676,0.9448348792555541,1.3758361756984507,0.40461191528236745,141.61703864618084,5.1570000648498535
677,1.6469736023641552,0.27732320702500435,1.3429544782222302,140.8944823478481,5.741499900817871
678,0.22673819743624532,-1.7135492537623034,-1.2847532658072884,140.159968907573,0.8953999876976013
679,-1.7195046963858414,0.036007644046383486,0.8176959490030008,139.41361431354233,5.894999980926514
680,0.8398245668077504,-1.628264601847436,-1.2986306537374883,138.65553642379876,0.06239999830722809
681,1.2750412816855523,-0.9317056376552784,-0.06402637611994492,137.88585494762884,2.0789999961853027
682,0.925869246999458,1.2955048806146023,0.4016193436882871,137.10469142666005,4.592800140380859
683,1.5184436968521107,0.9048967232085426,1.4012477545684887,136.31216921566795,6.265500068664551
684,-0.17512367512690358,1.6104883509148233,-1.0721761981086204,135.50841346309699,2.561800003051758
685,0.43139054224433127,1.5165957691176124,-0.4849292878415584,134.69355109129782,5.957300186157227
686,1.0878423069352288,1.1565721785462209,0.9007562286377829,133.867710776485,5.848199844360352
687,1.2076688519721503,1.0905987297396267,1.0638856964062644,133.031022928418,0.5637000203132629
688,-1.5313571685414922,-0.6306114848219458,1.459112863055544,132.18361966980683,6.072500228881836
689,-1.138294252810496,1.0452282913914377,-1.1669686735538325,131.3256348154498,5.665299892425537
690,1.469797496070775,0.11741794325171866,1.1773373062944954,130.45720385110124,1.1813000440597534
691,1.3496445063795024,-0.3791444756941403,0.6244090655078492,129.57846391207778,0.3752000033855438
692,0.6394090927086836,-1.65187371810064,-1.4765150052792204,128.68955376160238,2.0611000061035156
693,1.4737526460827879,0.08074758163178704,1.0895597753460455,127.79061376889234,3.942699909210205
694,-1.036509737344808,1.0878726207921363,-1.3415038333984521,126.88178588699314,3.882200002670288
695,0.5659105968348822,-1.621813430165544,-1.44258370400707,125.9632136303633,4.485099792480469
696,1.4428574466740576,0.5413790924281942,1.4120935504584538,125.03504205221029,5.775400161743164
697,-1.1626095330213697,-0.8421126755189882,1.3978321825161417,124.09741772158591,4.677499771118164
698,1.3850907126489513,0.8215672348000584,1.4376808300761268,123.15048870024148,1.3253999948501587
699,-0.08929544716733835,-1.358260479876671,-0.4360563994805259,122.19440451924652,2.078200101852417
700,0.5251688263641273,-1.5278910400691088,-1.4542715876713581,121.22931615537632,4.867000102996826
701,-1.3303117590501117,-0.481673364078484,1.3759899220004501,120.25537600727135,6.1168999671936035
702,-1.3617975340712738,-0.5602321708632821,1.3649815608685463,119.27273787137142,4.899799823760986
703,1.2275974311235067,-0.5285791101690144,0.24551502793699811,118.2815569176291,5.891900062561035
704,1.3339799147215832,0.33296411450428254,1.2035849232878897,117.28198966500719,0.6883999705314636
705,1.0868963595599823,-0.8941582935592965,-0.19622586797744077,116.27419395676203,5.69379997253418
706,-1.328266989338968,-0.6109768473337859,1.4821065998936056,115.25832893551888,0.5860000252723694
707,1.107484719366405,0.9954320440429592,1.0935491964678663,114.23455501814098,3.5685999393463135
708,1.3657938690652287,0.664284363449647,1.38142190757959,113.20303387039758,1.1893999576568604
709,-0.0516277830950743,-1.2897784417006264,-0.40597150935153964,112.16392838143595,5.554100036621094
710,0.9952661191375285,-1.001774168907693,-0.5232919678959559,111.11740263805838,4.608099937438965
711,-1.2423914735270272,0.553090941141238,-0.43972548513675536,110.06362189881143,3.300299882888794
712,0.4996698395632942,-1.4573072706651307,-1.4310909891995651,109.00275256788936,1.4918999671936035
713,0.22269873999120315,-1.464758066773168,-1.0822118274660777,107.9349621688581,2.848900079727173
714,-1.420179482443724,0.002817737591414001,0.6763830080813592,106.86041931819958,5.189799785614014
715,-0.28021436230909214,1.2666869312659723,-1.1462530695398447,105.77929369868626,0.597599983215332
716,-0.16528356212196915,1.2724244122556425,-1.1557573249139765,104.69175603258657,6.042200088500977
717,0.09152674514925187,1.294810657517611,-0.7947689329598803,103.59797805470498,2.4089999198913574
718,-0.22788350284623876,1.220260804854072,-1.24993666804818,102.49813248526351,4.755000114440918
719,-0.4523965654411831,-1.1572330164521198,0.5348921028552025,101.39239300262754,5.543600082397461
720,0.6371194482387236,1.2745211017368672,0.19625372774705088,100.28093421587968,0.15649999678134918
721,0.21051198743318417,-1.3239537444531424,-0.7831901587172129,99.16393163724666,0.29269999265670776
722,-1.3566938987937822,-0.2857306398385289,1.0562207597852542,98.04156165438431,4.764900207519531
723,-1.1119393927596777,0.5802830436069375,-0.8443869445913698,96.91400150252372,4.126299858093262
724,1.2344361596250304,0.4091611273742319,1.1981152023750352,95.78142923648412,4.297699928283691
725,-0.5782244877050708,1.1369702500521284,-1.4570493663625748,94.64402370255566,0.10339999943971634
726,0.948228243787128,-1.0699961053139917,-1.1700919150502314,93.50196451025704,5.251999855041504
727,-1.0074461759063331,-0.7540540346185923,1.3369310849652023,92.35543200397424,6.020299911499023
728,-1.352329778294819,-0.007034321967846449,0.44164252749845484,91.20460723448085,5.798799991607666
729,-0.961246081797289,0.7824450828901239,-1.2671620480567478,90.04967193034877,0.19460000097751617
730,1.19542439690118,0.5301845651033675,1.1962361531337045,88.89080846925062,0.4189999997615814
731,0.43994726374158066,-1.3196553488424683,-1.0893088214692004,87.72819984916154,1.3265000581741333
732,0.44304170976820834,1.3267276195519118,0.15874330184699517,86.56202965945968,5.6743998527526855
733,0.9809527698872769,0.9270416223627285,1.2359488398179272,85.39248205193671,0.8736000061035156
734,-0.42225933578323016,1.0874719843359628,-1.2314991520126872,84.21974171171749,5.733099937438965
735,-0.1338444397319376,-1.1585138675763096,0.1527989027965719,83.04399382809692,3.531599998474121
736,0.3925708965679894,-1.2814476190540172,-0.8684053188864099,81.86542406529517,0.3880999982357025
737,-0.3471087544640768,-1.0515798640292093,0.7622439687297938,80.68421853314038,6.189899921417236
738,-0.7392567078516903,-0.936653197978583,1.275125993546221,79.50056375767923,3.6242001056671143
739,-1.1844125367734126,-0.40425529705655094,1.1213255132181885,78.31464665172194,3.980299949645996
740,-0.7051622567646936,0.9555051141371332,-1.5143408723862157,77.12665448532715,4.56879997253418
741,1.169504061981679,-0.15650297984879769,0.21403041343091742,75.93677485622938,5.7733001708984375
742,1.0128053132703174,-0.7511515568419577,-0.8248888413466527,74.74519566021576,1.219499945640564
743,-0.5741270758128745,-1.0206489431197499,1.1418098122220484,73.55210506145475,2.243000030517578
744,-0.5150765586326929,-1.0521873901544911,1.0856124209685227,72.35769146278247,0.6712999939918518
745,0.6609251020746963,-1.3205712810513117,-1.3668876010476827,71.16214347595204,5.070000171661377
746,0.9756931526921113,0.9454360715511116,1.250147096858129,69.96564989185016,2.365999937057495
747,-0.7925846052056333,0.7775741189281304,-1.4288056296425424,68.7683996506838,5.414899826049805
748,0.31116548923265175,1.23853870104029,-0.08066865034732632,67.57058181214465,5.8140997886657715
749,1.1883404999423068,0.32231681316071703,0.8873806351888038,66.37238552555566,0.8259000182151794
750,0.23396778605460672,1.2508186043535061,-0.062340463849020894,65.17400000000004,0.531000018119812
751,1.1480314852966382,0.23320365605468593,0.7508857424376696,63.97561447444443,3.396899938583374
752,-0.8047003307847646,0.7382326580589621,-1.3814019001643179,62.777418187855254,4.991000175476074
753,-0.112509837884779,1.1385986054585953,-0.7879419824543674,61.57960034931645,4.185800075531006
754,-0.30114252344866005,1.136860755797418,-1.0593548812086762,60.38235010814992,4.858799934387207
755,-0.45558030320931553,-1.0089366465874035,1.024733350297166,59.18585652404805,1.3859000205993652
756,-1.3055165781723856,-0.21596687586032795,0.5048109686057363,57.99030853721762,0.6467999815940857
757,0.6955959076221297,-1.1133193904993928,-1.3412935571965996,56.79589493854533,0.36390000581741333
758,-0.5774804808439786,-1.0047821497560814,1.163077880624879,55.60280433978432,1.798699975013733
759,0.15629531125394142,1.2802593164224787,-0.19622949123977054,54.41122514377071,2.9293999671936035
760,-0.8234017866042683,-0.8508356992527155,1.3434207201772468,53.22134551467294,5.294400215148926
761,0.18560981277296282,1.2593320223844826,-0.054815877735912524,52.03335334827814,4.132400035858154
762,-0.36001418138421026,-1.0285475213008974,0.9063031218634072,50.84743624232085,1.8841999769210815
763,0.5025249592478522,1.1729482311603148,0.6210116972307724,49.66378146685953,6.19789981842041
764,-1.1245373782345554,-0.3351432529622259,0.9147091649407172,48.48257593470492,1.6162999868392944
765,-0.30659441116911107,-0.9969897189499889,0.7895160833966487,47.30400617190334,2.4728000164031982
766,-0.8641203676882973,-0.751753258787926,1.3339390569755636,46.128258288282595,5.301300048828125
767,0.08864350419904801,-1.1207101599971012,0.045924872239607534,44.955517948063374,0.15530000627040863
768,0.5446018186203163,1.0799351295995916,0.7036212233224527,43.78597034054039,0.6315000057220459
769,-1.2440787569340623,-0.052586693578047176,0.14731868061613765,42.61980015083854,5.532899856567383
770,-0.15403973699250295,1.1370891852818312,-0.7609901348028276,41.4571915307493,5.0218000411987305
771,0.8857593197169835,-0.9795262424993569,-1.1923690147417672,40.298328069651475,1.0492000579833984
772,-0.4883525554897316,0.9792543360419208,-1.2007493638575275,39.14339276551923,4.17110013961792
773,-1.1575322838349138,-0.48925249050859837,1.0579942316532642,37.99256799602585,1.183899998664856
774,1.0626489189034232,0.35764011636226745,0.9289015323258497,36.846035489742874,4.212399959564209
775,1.0864929579186158,-0.05738128467915561,0.30407632813536034,35.70397629744443,3.801800012588501
776,0.12645743599997375,-1.1620462151445954,-0.03077747263369677,34.56657076351597,4.632199764251709
777,1.1180468548604632,-0.3699136896740747,-0.29019774271035564,33.433998497476516,1.69350004196167
778,-0.2975293718581958,1.132965891948121,-1.018953453282308,32.30643834561576,2.727299928665161
779,-1.21616453442759,-0.29338384993702216,0.928069747044003,31.184068362753422,3.421799898147583
780,-0.34801032501502555,1.0567135799703409,-1.0889813881898065,30.067065784120388,5.351600170135498
781,-0.8016237870433573,0.7392712436936932,-1.3396033039853925,28.955606997372378,0.8359000086784363
782,-0.09579942940629989,-1.0532334082090862,0.4758866329751293,27.849867514736566,1.5887000560760498
783,1.087208763301186,-0.3641695347809244,-0.2112415054539065,26.750021945295252,0.8985999822616577
784,0.2745819980851134,1.186856438219734,0.14619690313334538,25.656243967413502,0.40790000557899475
785,0.8955669786510376,0.908909778978038,1.1960805953037128,24.56870630131366,5.454500198364258
786,1.0362693079551317,0.7302775852229199,1.1849597833115935,23.487580681800495,3.1977999210357666
787,0.5371362430499715,-1.148418418963382,-0.9499131310548362,22.413037831141978,3.6963000297546387
788,-1.2712972243086282,-0.2718187658795301,0.6562648412470045,21.345247432110718,1.1019999980926514
789,0.03898884635117368,1.258814672347404,-0.4055716464405924,20.284378101188793,0.9810000061988831
790,-0.9328070648208536,0.6054002472119338,-1.201928963828091,19.230597361941697,0.31779998540878296
791,-1.2116848439804404,-0.08455935888325924,0.20079795657925684,18.18407161856412,3.354599952697754
792,-1.2341482758867823,-0.17772535940909734,0.3532560834445064,17.144966129602352,1.2582000494003296
793,0.28144939705029715,-1.138250754068331,-0.5311309670252552,16.113444981859104,0.8184000253677368
794,1.0155595094967103,0.8622279862042148,1.2059395978592475,15.089671064481202,5.381999969482422
795,-1.0427257871337658,0.4469592992960351,-1.0117991993432458,14.073806043238179,0.7566999793052673
796,0.2985258608897641,1.1789068394018072,0.101099680782027,13.066010334992889,4.865900039672852
797,-0.7091746027249625,-0.9764203940412683,1.2650989687277021,12.06644308237096,5.8242998123168945
798,0.06729656595532545,1.2842100312172255,-0.42106880685178943,11.075262128628665,1.0807000398635864
799,0.5787904635990767,1.1546393114286293,0.6663874427780869,10.092623992728726,2.691499948501587
800,0.32779951146707176,-1.1467369939641843,-0.4975574481879865,9.118683844623753,1.478700041770935
801,-0.7767417319799313,-0.9221744461923126,1.3303214800868886,8.153595480753694,5.489799976348877
802,1.039635657463062,-0.18153619591588507,0.17402849922470393,7.197511299758581,1.5616999864578247
803,0.486844445697447,1.1572033317852517,0.47700678552711784,6.250582278414029,0.07119999825954437
804,0.07174433179476582,1.21294444571925,-0.24338996627862247,5.312957947789769,2.6010000705718994
805,-0.6292463859093008,0.8265457877319203,-1.2044927753129444,4.384786369636771,5.881899833679199
806,-0.9255188232150143,0.6967558982532971,-1.2324810816425962,3.46621411300692,2.4986000061035156
807,0.8244722856780563,1.0294573495226678,1.0350007044393046,2.5573862311078415,2.6956000328063965
808,-1.2358336692114786,-0.42314040182115864,0.9296526343317398,1.6584462383976941,1.014299988746643
809,-0.9418849520207554,-0.7169767635112002,1.340315185995581,0.7695360879222903,1.8137999773025513
810,-0.2984151018193105,1.0377110242963714,-1.028885793947957,359.89079614889886,4.372399806976318
811,0.36710683003601874,-1.1788976952192973,-0.6505311251263848,359.02236518455027,3.7551000118255615
812,0.6103424447966979,1.11501597902514,0.5619439856553866,358.16438033019324,4.497300148010254
813,-0.8777436098100131,0.6100257696048512,-1.1652835969712787,357.3169770715822,2.5125999450683594
814,1.1586510960787386,-0.07680010863906564,0.5142979710583825,356.4802892235149,0.9399999976158142
815,1.044631804339434,-0.47741521596652836,-0.3843843833155496,355.6544489087022,0.3903999924659729
816,0.01694555535867695,1.2166129127123886,-0.7247375353928766,354.8395865369031,2.6431000232696533
817,-1.0848048322502553,0.40344701848810993,-0.8825083308068483,354.0358307843321,3.604099988937378
818,0.2543405460332639,1.2133828044510457,-0.05753067276711567,353.24330857334,0.6818000078201294
819,0.8813175162445186,-1.0293938445423532,-1.2154657309033818,352.4621450523713,0.298799991607666
820,0.6818992926125956,-1.1948490413684203,-1.3120973372151246,351.6924635762013,1.648900032043457
821,1.1090117850324601,0.1088796498165499,0.7060588492559078,350.93438568645774,0.4927999973297119
822,1.0968587253757862,-0.4661608572629492,-0.10473332269555181,350.1880310924271,5.130300045013428
823,-0.27272809482440313,1.0159158306606355,-0.8790550537025056,349.45351765215196,4.590700149536133
824,0.33830562148132615,1.162480637141921,0.12087560149851234,348.7309613538192,2.152100086212158
825,-0.46742495775818016,1.0205364432528308,-1.1541506455511965,348.0204762974444,5.303400039672852
826,-1.2228458349063502,-0.16841697182750084,0.4648297288220132,347.3221746768543,5.112299919128418
827,-1.0944772386745978,0.41772541188783774,-0.8227017889635965,346.6361667619698,2.7416999340057373
828,0.9447740051860085,-0.9161504688169481,-1.0792159971528228,345.96256088139296,5.575399875640869
829,-0.712679675138632,-0.9267756284544356,1.1936348429058385,345.3014634053011,1.545699954032898
830,-0.7024896463117866,-0.9798441968107019,1.1873963823806155,344.6529787286494,1.3669999837875366
831,-1.0193126601350972,-0.7013106862738598,1.285858641630732,344.01720925468567,3.4179000854492188
832,0.936237453390228,-0.9044286988435196,-1.0531761749580566,343.3942553787799,0.9083999991416931
833,-1.2581815176089879,-0.3186233426420832,0.7750716448037057,342.78421547257085,5.9695000648498535
834,-0.002119766392510241,1.233928282005482,-0.8133566861302464,342.18718586843136,3.440700054168701
835,0.4515532921354115,-1.1869262418284738,-0.8828227182043884,341.6032608442569,2.3912999629974365
836,0.6920109085166853,-1.1992695206174995,-1.2025864446185848,341.0325326085778,2.287400007247925
837,0.832361286077282,1.0492069582820942,0.865283477226076,340.47509128599876,5.5802998542785645
838,0.12383634914633253,-1.2109315649197834,-0.26147590392476266,339.93102490296644,5.742599964141846
839,-0.34320115890978864,1.0227149400474795,-0.9736506441847947,339.4004193738699,1.7235000133514404
840,0.6847827610312104,-1.1414135786719626,-1.3820502685513683,338.8833584874731,5.262599945068359
841,0.7551798489276332,-1.1395146301140606,-1.347515341964128,338.379923893684,6.15880012512207
842,0.1426952322839198,1.2511024730093119,-0.592765048397651,337.890195090661,0.11219999939203262
843,0.4911508736438878,1.164852492027909,0.24690270332403852,337.41424941225904,0.24789999425411224
844,-1.1423762466096092,-0.5327981033580391,1.1588256701569852,336.9521620158182,4.262599945068359
845,-0.26800312929442943,-1.062310828508739,0.5544470779268967,336.50400587029515,3.922300100326538
846,-0.9881609388212935,-0.7022021027281417,1.2718100108830244,336.0698517447403,2.3958001136779785
847,0.320861347118229,-1.18167416804087,-0.7146765970465885,335.64976819712297,0.15320000052452087
848,-0.17563041387218511,-1.0496259049912113,0.3394063159356731,335.2438215635052,4.277900218963623
849,0.6327758722726436,-1.1670100031131863,-1.2943053191437135,334.8520759475663,3.928100109100342
850,-0.6423977754472413,-0.9733808900882618,0.9842857744808136,334.4745932104801,6.0640997886657715
851,0.4581893683515477,1.1787036017248171,0.10293613832240633,334.1114329611469,0.5019999742507935
852,0.9432832857169151,-0.8275816930688911,-0.8294682742712145,333.7626525467799,1.7964999675750732
853,0.3531410243838307,-1.1826825512268238,-0.7672377006682404,333.42830704384977,2.3443000316619873
854,0.815385128333469,1.0880372544609878,0.7810340546292018,333.10844924938715,3.800100088119507
855,1.035821042546767,0.8778102691341475,1.0808337058941437,332.80312967264587,5.308300018310547
856,-0.9798796884961762,-0.750659840742734,1.303554395900491,332.51239652712627,4.021900177001953
857,-1.053988722161447,0.5720117821684457,-0.8964051900081976,332.2362957229625,4.025199890136719
858,-0.9404132621355012,0.6542743215486911,-0.9825529402858253,331.9748708596721,0.955299973487854
859,1.1715340836205026,0.1799771125222503,0.8136469943202674,331.72816321927155,1.5226999521255493
860,0.6886781108092849,-1.1947769699199882,-1.3035661879035334,331.49621175975716,1.5241999626159668
861,1.0823166841014558,-0.37195291389058943,0.11398558326078594,331.2790531089533,4.5518999099731445
862,0.3838562842521383,1.1384771349674996,0.1392569989030193,331.0767215587282,5.014599800109863
863,-0.08485606596770884,1.2885536993028537,-0.8175087036555498,330.88924905957936,0.879800021648407
864,1.0674989044422762,0.1915618372455424,0.8690719873758262,330.71666521558745,1.1208000183105469
865,-1.1238931032586796,-0.3992816004255472,1.0119968965286041,330.5589972797422,0.3425000011920929
866,0.7265511188291172,-1.1672161477218597,-1.369564372857271,330.41627014963836,5.972499847412109
867,-1.283002680631832,-0.14363036830072567,0.5461896339567036,330.28850636354434,1.6583000421524048
868,0.859774842294992,-0.9670190633275588,-1.0357429173219672,330.17572609684305,5.175000190734863
869,0.5808430552214161,-1.249357859140266,-1.196520496921204,330.07794715884603,2.67930006980896
870,-0.0008714509900618134,1.215974504643527,-0.7433995808985004,329.995184989981,3.0669000148773193
871,-0.880069701169683,-0.8836141593769168,1.2529939987273744,329.92745265935395,5.662199974060059
872,1.0179215984244763,-0.5702631894726047,-0.3304726565303381,329.8747608626849,4.792300224304199
873,-1.1753052852941688,-0.024004017720181688,0.3198339046150167,329.83711792061956,0.3682999908924103
874,-1.1600721934695433,0.18224979292209745,-0.11866470018564422,329.8145297774147,4.0346999168396
875,-1.090212613639187,-0.5798902628456863,1.170901832000988,329.807,0.48249998688697815
876,0.08311461347672672,1.211768308073594,-0.5470608127919648,329.8145297774147,4.51639986038208
877,0.897599017159302,-1.0309721323391658,-1.1564443997996692,329.83711792061956,3.8754000663757324
878,0.10541131006885329,1.246539771131447,-0.6000445026716121,329.8747608626849,2.2079999446868896
879,1.0266903222396329,0.8011379309055614,1.136748133109445,329.9274526593539,1.4744999408721924
880,-0.012418491906171862,1.2717663950587625,-0.7252888537026401,329.99518498998106,5.520100116729736
881,0.8317105055366839,1.0798429508597116,0.8068806950175942,330.07794715884603,4.32859992980957
882,0.7757371071560791,1.0890998585097063,0.688274593896546,330.17572609684305,2.0671000480651855
883,0.9013189058641947,-0.8289405804575724,-0.7466010756535093,330.28850636354434,4.450900077819824
884,-1.0609761518924083,-0.6015903299649568,1.1942978671878761,330.41627014963836,5.818999767303467
885,0.8486877185761372,1.00995796544793,0.8867310251794467,330.5589972797422,4.650899887084961
886,-0.6816800185986661,0.8806312455041133,-1.178916709402935,330.71666521558745,0.4763999879360199
887,0.45731958130871786,-1.2008375309220858,-0.8874943233692195,330.88924905957936,5.215700149536133
888,0.9584496727818135,-0.9177516423360572,-0.891999768837826,331.07672155872825,1.413699984550476
889,0.6970325472313439,1.130086412497586,0.5995269533162095,331.27905310895324,3.7077999114990234
890,-0.25064377080680167,1.153085516135231,-0.9863750318825225,331.4962117597571,3.1858999729156494
891,1.165651091552231,0.05481247817659883,0.75171312398931,331.72816321927155,4.929999828338623
892,0.981548744254746,-0.9521045952635108,-0.9089193901970787,331.97487085967214,6.099100112915039
893,-1.0620985278765758,-0.682434265752439,1.3400384458528434,332.2362957229625,4.217599868774414
894,-1.1850868077301007,-0.3841958469517036,0.8367171196748444,332.51239652712627,2.8980000019073486
895,-0.4256231004588671,1.005936167144826,-1.1540916683980194,332.8031296726458,0.5333999991416931
896,-0.8759929866777684,-0.8368716352439517,1.146087954542132,333.10844924938715,2.466900110244751
897,1.1227213496266077,-0.05599163255898198,0.5674584872934652,333.4283070438497,0.05139999836683273
898,0.9790715418397373,-0.7182767185598099,-0.5283286427266787,333.7626525467799,3.842900037765503
899,-1.0928345891833193,-0.5355362387369828,1.215435677267223,334.11143296114693,6.116700172424316
900,-0.6076096992589841,-1.020282760335072,1.0408566433992292,334.47459321048007,1.6132999658584595
901,-0.41776625027343484,1.0378944198262714,-1.1196739787692227,334.85207594756616,4.668300151824951
902,1.105375876944428,-0.18423180149638907,0.33365917635259973,335.2438215635052,3.4052999019622803
903,0.4609628876730183,-1.1644840271981731,-0.9481949430355889,335.64976819712297,0.10100000351667404
904,-1.046254277182654,0.4906262384642171,-0.8467270359263989,336.0698517447403,2.3736000061035156
905,-1.2216717276870388,0.04994709636340833,0.0028710632886167395,336.5040058702951,4.5808000564575195
906,0.9913558677751986,-0.8041748322156151,-0.6092180136830723,336.95216201581826,0.482699990272522
907,1.1522523390891297,0.4923372220743256,0.9829827145944324,337.41424941225904,2.670599937438965
908,0.6798324728111842,-1.1071974034039012,-1.3154455450894729,337.8901950906609,3.8517000675201416
909,-0.9916466603626727,-0.6879241244773452,1.3063070341581442,338.379923893684,5.311600208282471
910,0.6453419079083013,-1.2421637883621097,-1.2263398378048072,338.8833584874732,6.1016998291015625
911,-1.0803414922705383,0.3564762051451846,-0.6358438310307017,339.4004193738699,5.0040998458862305
912,0.2046145093840667,-1.1596409648020776,-0.3406609630562267,339.9310249029664,1.5640000104904175
913,-0.8966269083252546,-0.8049622965226672,1.2687733307841695,340.4750912859987,6.036399841308594
914,-0.10903278361016072,-1.081411115006801,0.24176381673837738,341.03253260857775,4.908199787139893
915,0.692160186342738,-1.2186114300655606,-1.2872273929483435,341.6032608442568,2.08240008354187
916,1.0692045400340586,-0.3047820286536008,0.14899493433185457,342.18718586843136,2.8515000343322754
917,0.9624610623941032,-0.9210179358240722,-0.9639649147886425,342.7842154725709,5.874499797821045
918,1.128905559402097,0.4277447213112424,0.9438307939496345,343.3942553787799,1.9737999439239502
919,-0.6274791284099295,-1.007086425697497,1.0596256305268508,344.01720925468555,2.8907999992370605
920,0.364320074800514,-1.1731860785398356,-0.7795320362524643,344.6529787286493,1.0526000261306763
921,0.8499749557759887,-1.011131154258963,-1.1939875354961826,345.30146340530104,2.9235000610351562
922,0.8976496134553867,0.9670323767066112,1.1107560774957015,345.96256088139296,6.158100128173828
923,-1.1990090104787423,-0.06956080202713762,0.217720330538124,346.6361667619697,4.829400062561035
924,-0.769376609917262,-0.8656805289737216,1.286800253044896,347.32217467685433,2.1547000408172607
925,0.44329121107901515,1.1128285376374083,0.3209337195625569,348.02047629744436,4.530900001525879
926,0.8847433872910792,-0.8947445087823412,-1.0460974913891095,348.73096135381905,5.558700084686279
927,0.9704328475412463,0.9343703475318235,1.0751031735389627,349.4535176521518,5.679999828338623
928,-0.4847312501275562,1.0213762210343187,-1.1479988213533214,350.1880310924271,6.152299880981445
929,0.9675455635953595,0.8092820087199131,1.1696970357462544,350.9343856864577,3.202500104904175
930,0.8314842306362801,1.0554733603935003,0.8998524575879465,351.69246357620125,4.806099891662598
931,0.9838876715549186,-0.6850096719121636,-0.6549397011250363,352.4621450523713,3.6654999256134033
932,-0.9070843531885581,0.6374299785754919,-1.1975168617668026,353.24330857333996,0.7989000082015991
933,-0.8378748425550471,-0.8514654319821626,1.2631875065172795,354.03583078433195,1.3432999849319458
934,-1.0089790047574005,0.40930380900258456,-0.7450426817170677,354.839586536903,1.1187000274658203
935,-0.09066238399559094,-1.0868739895840835,0.23011936164792207,355.6544489087023,5.148799896240234
936,-1.1835852247212097,-0.38801943375628595,0.8066869425776488,356.480289223515,4.968100070953369
937,-0.8087247561635005,0.7405061557006128,-1.263497779313695,357.316977071582,2.083899974822998
938,0.1934343746114557,-1.1297837580173513,-0.17069325845447322,358.164380330193,1.7312999963760376
939,-1.1632968865358997,-0.07064051085328431,0.20029368003360937,359.02236518455015,0.9172000288963318
940,1.0992319667983648,0.1752502025423066,0.6718255678726655,359.89079614889874,1.8451999425888062
941,-0.5323783781030196,-0.9784935642882593,1.0323783160536144,0.7695360879222335,0.09929999709129333
942,-1.2350756598166401,-0.21516142892129875,0.5835662888203932,1.6584462383977652,1.448699951171875
943,-1.2486621224139136,-0.12173181148015197,0.31379996085947204,2.5573862311077917,2.849299907684326
944,0.8964400209283383,-0.9464400025798119,-1.2300404968511032,3.4662141130067283,3.1221001148223877
945,0.717079096751271,-1.0934806621965059,-1.2397867711803043,4.384786369636572,4.336100101470947
946,1.114477752692768,0.297944832129873,0.7944686922620839,5.312957947789833,4.978700160980225
947,1.099135514340592,0.44337984202804365,0.9210372386713829,6.2505822784141,3.459399938583374
948,0.1432117077483937,1.2265603989214025,-0.30069688277001777,7.197511299758517,4.090000152587891
949,0.45162417608450833,1.2276702501156658,0.4268012032155877,8.153595480753488,2.482800006866455
950,-1.2518645910581787,-0.20705388000706892,0.37785424340065327,9.118683844623689,3.519200086593628
951,0.537459740476197,1.1700859407868462,0.47920181027142567,10.092623992728512,1.5104000568389893
952,0.09772349130174679,1.2332163644843186,-0.3359929167341586,11.075262128628594,1.4696999788284302
953,-0.47817130081453674,1.0015356046892394,-1.1740533551496923,12.066443082371038,0.9437999725341797
954,0.15390974811122565,-1.1325897824732916,-0.2682497666359024,13.06601033499296,0.599399983882904
955,-1.209776862402542,-0.25515733353556824,0.6028605026159254,14.073806043237965,2.3041000366210938
956,-1.2386768875519192,-0.03349012234930136,0.002560606982189439,15.089671064480989,3.8364999294281006
957,0.6350775284960325,1.1364736699640312,0.7926435134264717,16.113444981859026,2.1668999195098877
958,-1.2161325046363611,-0.23834055249667338,0.528433851918773,17.144966129602437,4.848999977111816
959,1.0890529914521623,-0.6328231984592078,-0.6609987347578137,18.184071618564055,4.871099948883057
960,-1.2105230990907716,-0.16253958300119128,0.3772853476126418,19.230597361941626,6.097499847412109
961,-0.0001553319383847373,-1.0456506021769811,0.19172811656873387,20.284378101188715,4.396399974822998
962,-0.8260925938065978,0.6842873347678872,-1.3293805486208656,21.34524743211049,1.0644999742507935
963,-1.2116347781794221,-0.2526744832385673,0.6311262459603906,22.41303783114175,2.040800094604492
964,-1.2039555669435364,-0.07093308404591848,0.14986189696195965,23.487580681800573,4.2778000831604
965,-0.00258474345656407,-1.0886689620638508,0.2865383383787457,24.56870630131374,0.4487999975681305
966,0.800619696381328,1.0503937418531797,1.0563825371811753,25.65624396741343,2.2964999675750732
967,-1.1974523764114477,-0.28710049960502154,0.7938259238631572,26.750021945295025,1.7305999994277954
968,1.0586410721125814,0.3742231956286728,0.8593057741811089,27.849867514736495,4.36870002746582
969,0.41867520701751215,1.1181988365804902,0.5024131659940607,28.9556069973723,2.1939001083374023
970,-0.5614472556754149,-1.039842400204668,1.14696204296765,30.06706578412031,1.36080002784729
971,1.043481946197879,0.48666126685568034,0.9681569949854881,31.184068362753507,6.220099925994873
972,0.5673551788433652,-1.1720881980904978,-1.0326169374681693,32.306438345615845,5.974400043487549
973,0.5197529650879571,-1.203636067808585,-0.9284419557016211,33.43399849747628,3.6217000484466553
974,-1.232134002747662,-0.2465047797286833,0.635869564362035,34.56657076351573,5.99459981918335
975,0.7807381662118064,1.0741551079134886,1.0183837302637362,35.70397629744435,4.386000156402588
976,1.0806423441634676,-0.19147741342862512,-0.004833614921563907,36.84603548974296,4.490499973297119
977,-0.14521541337865543,1.1087524393528194,-0.8405304392302001,37.99256799602577,3.0302999019622803
978,0.03437781423672249,1.2038242396970213,-0.4295267468165333,39.14339276551915,2.756700038909912
979,0.8911997633303667,-1.0493658846915812,-1.3139068496795794,40.2983280696514,1.444000005722046
980,1.077499640957234,-0.4865168085740239,-0.4147450496411767,41.45719153074922,3.6763999462127686
981,0.10683034880757018,-1.1344639562582488,0.05132538617883176,42.6198001508383,2.52239990234375
982,-0.22131665745462842,-1.0366290752110783,0.7157422078220474,43.78597034054047,2.422800064086914
983,-0.26951600318310864,-1.0450072669789034,0.7166003214078893,44.95551794806346,1.901900053024292
984,1.1037437936536765,-0.09342588851042383,0.052562062617156104,46.12825828828251,3.2741000652313232
985,1.044623556960996,-0.444030512658282,-0.42731275678353736,47.3040061719031,1.9342000484466553
986,0.7461084819957161,-1.207398239182505,-1.3652438587651217,48.48257593470484,3.8210999965667725
987,-1.0354356908810123,0.48660320239910937,-1.1326545784471473,49.66378146685945,2.6939001083374023
988,-1.266132473560826,-0.2882474106234711,0.7763895229133103,50.84743624232077,1.3295999765396118
989,-0.6567916644683968,-0.9319691061212925,1.1743247311902794,52.033353348278055,2.975800037384033
990,0.4572844559594781,1.2133131318911403,0.5017549751548308,53.221345514673025,5.232600212097168
991,0.6974836784692665,1.1304753544565747,0.9429203277384015,54.41122514377062,2.277899980545044
992,1.1087683599074774,-0.2628256987394944,0.03711464158224178,55.60280433978407,2.687299966812134
993,-0.33413090200356765,1.069236398738575,-1.1670493767514123,56.795894938545246,4.4415998458862305
994,0.9969253490438447,0.9417428741282261,1.2437930774601178,57.99030853721771,3.306299924850464
995,-0.5010930220144824,1.0054681176728038,-1.3890580567027566,59.18585652404796,3.9231998920440674
996,-0.616157591496808,-0.9724906019171736,1.208092681822601,60.382350108149836,3.7648000717163086
997,-0.6731950261066831,0.9108598312871635,-1.3224216504995756,61.579600349316365,4.231900215148926
998,0.004431619141203205,-1.1564445671741148,0.03077438162778962,62.777418187855176,2.0731000900268555
999,-0.5490062823595003,0.9672872243433137,-1.2986167451842854,63.97561447444418,3.1552000045776367
